referralId,stats.tipCount,stats.usersCount,stats.checkinsCount,verified,location.country,location.cc,location.distance,location.lng,location.lat,name,id,categories.primary,categories.icon.suffix,categories.icon.prefix,categories.shortName,categories.pluralName,categories.name,categories.id,location.city,location.state,allowMenuUrlEdit,location.postalCode,url,location.crossStreet,storeId,venuePage.id,venueChains.id,menu.mobileUrl,menu.url,menu.anchor,menu.label,menu.type,hasMenu
v-1461943866,1,60,555,true,Canada,CA,14903,-114.0325888999006,50.98611746877949,Lexus Of Calgary,4c462a36f1d80f47bf26a33c,true,.png,https://ss3.4sqi.net/img/categories_v2/shops/automotive_,Automotive,Automotive Shops,Automotive Shop,4bf58dd8d48988d124951735,Calgary,AB,true,T2H 3C1,http://www.lexusofroyaloak.com,,,79331678,,,,,,,
v-1461943866,0,4,7,false,Canada,CA,14760,-114.03051137924194,50.985423538676756,Lexus of Calgary,53a4047e498e0ff4e30e6361,true,.png,https://ss3.4sqi.net/img/categories_v2/shops/automotive_,Automotive,Automotive Shops,Automotive Shop,4bf58dd8d48988d124951735,Calgary,AB,true,T2H 3C1,,,,135747097,,,,,,,
v-1461943866,,,,true,Canada,CA,31787,-114.19245540470189,51.153610816355936,Lexus of Royal Oak,52fd65d8498ef2bcd8a13df4,true,.png,https://ss3.4sqi.net/img/categories_v2/shops/automotive_,Automotive,Automotive Shops,Automotive Shop,4bf58dd8d48988d124951735,Calgary,AB,true,T3R 1R8,,,,,,,,,,,
v-1461943866,3,4,5,false,Canada,CA,13136,-97.17286930285339,49.851112462717,Woodhaven Lexus Toyota,4c0a532c6071a593ed4cdf32,true,.png,https://ss3.4sqi.net/img/categories_v2/shops/automotive_,Automotive,Automotive Shops,Automotive Shop,4bf58dd8d48988d124951735,Winnipeg,MB,true,R3K 2H8,https://www.birchwoodlexus.ca,in Pointe West Auto Mall,,,,,,,,,
v-1461943866,,4,8,false,Canada,CA,23575,-97.32858896255493,49.884210780462,Birchwood Lexus,52ea3e7d11d2cfbf069371c4,true,.png,https://ss3.4sqi.net/img/categories_v2/shops/automotive_,Auto Dealer,Auto Dealerships,Auto Dealership,4eb1c1623b7b52c0e1adc2ec,Winnipeg,MB,true,R3K 2H8,http://www.birchwoodtoyota.ca,,,,,,,,,,
v-1461943866,,46,142,false,Canada,CA,23559,-97.32836302821435,49.884163010048425,Birchwood Toyota,4e6b797e62e1cd1d5526b793,true,.png,https://ss3.4sqi.net/img/categories_v2/shops/automotive_,Auto Dealer,Auto Dealerships,Auto Dealership,4eb1c1623b7b52c0e1adc2ec,Winnipeg,MB,true,,,,,,,,,,,,
v-1461943866,2,24,160,false,Canada,CA,10136,-81.263213,42.936363,Lexus Of London,4be5d4462457a5930214ac15,true,.png,https://ss3.4sqi.net/img/categories_v2/shops/automotive_,Automotive,Automotive Shops,Automotive Shop,4bf58dd8d48988d124951735,London,ON,true,N2A 1B1,http://www.heffner.ca,,,34852477,,,,,,,
v-1461943866,7,173,1157,true,Canada,CA,77267,-80.42846202850342,43.426899746672966,Heffner Toyota Lexus,4b92c14bf964a520b41834e3,true,.png,https://ss3.4sqi.net/img/categories_v2/shops/automotive_,Auto Dealer,Auto Dealerships,Auto Dealership,4eb1c1623b7b52c0e1adc2ec,Kitchener,ON,true,,,,,,,,,,,,
v-1461943866,1,22,670,false,Canada,CA,80447,-80.37016306269201,43.41651810859746,TMMC Lexus Plant,519be85a498e5dbd9cfdb03d,true,.png,https://ss3.4sqi.net/img/categories_v2/building/factory_,Factory,Factories,Factory,4eb1bea83b7b6f98df247e06,Cambridge,ON,,,,,,,,,,,,,
v-1461943866,0,5,22,false,Canada,CA,77794,-80.427934,43.434269,Toyota Lexus,4e0a2bb4d4c03ae0b9dcc65a,,,,,,,,Kitchener,ON,,,,,,,,,,,,,
,,,,,,,,,,,,,,,,,,,,,,,,,,,,,,,,,
v-1461943866,7,173,1157,true,Canada,CA,1610,-80.42846202850342,43.426899746672966,Heffner Toyota Lexus,4b92c14bf964a520b41834e3,true,.png,https://ss3.4sqi.net/img/categories_v2/shops/automotive_,Auto Dealer,Auto Dealerships,Auto Dealership,4eb1c1623b7b52c0e1adc2ec,Kitchener,ON,true,N2A 1B1,http://www.heffner.ca,at Gamble Rd.,,34852477,568c4f8e498ec8e3dff565dd,,,,,,
v-1461943866,1,5,22,false,Canada,CA,904,-80.427934,43.434269,Toyota Lexus,4e0a2bb4d4c03ae0b9dcc65a,true,.png,https://ss3.4sqi.net/img/categories_v2/building/factory_,Factory,Factories,Factory,4eb1bea83b7b6f98df247e06,Kitchener,ON,true,L4E 3N7,http://www.lexusrh.com,at Eglinton Ave. E,,42815897,,,,,,,
v-1461943866,1,22,670,false,Canada,CA,4802,-80.37016306269201,43.41651810859746,TMMC Lexus Plant,519be85a498e5dbd9cfdb03d,true,.png,https://ss3.4sqi.net/img/categories_v2/shops/automotive_,Auto Dealer,Auto Dealerships,Auto Dealership,4eb1c1623b7b52c0e1adc2ec,Cambridge,ON,true,L5L,http://www.lexusonthepark.ca,Runnymede Rd,,75162923,,,,,,,
v-1461943866,2,71,196,true,Canada,CA,94104,-79.44703102111816,43.908421011962936,Lexus of Richmond Hill,4bbcc139a8cf76b096e6b0fd,true,.png,https://ss3.4sqi.net/img/categories_v2/shops/automotive_,Auto Dealer,Auto Dealerships,Auto Dealership,4eb1c1623b7b52c0e1adc2ec,Richmond Hill,ON,true,M3C 2J7,http://www.northwestlexus.com,at Runnymede Rd.,,92127826,,,,,,,
v-1461943866,2,42,161,false,Canada,CA,55546,-79.73426132258498,43.40918875494086,Lexus of Oakville,4ba8f07ef964a520fafb39e3,true,.png,https://ss3.4sqi.net/img/categories_v2/arts_entertainment/default_,Entertainment,General Entertainment,General Entertainment,4bf58dd8d48988d1f1931735,Oakville,ON,true,L6S 5X6,http://www.kenshawlexus.com,btwn Woodbine& Victoria Park Ave.,,91440561,,,,,,,
v-1461943866,2,8,9,false,Canada,CA,57012,-79.73357667541175,43.55995476306546,Lexus Booth Auto Show,4d5d9ee3241a721e56dfe32e,true,.png,https://ss3.4sqi.net/img/categories_v2/shops/automotive_,Automotive,Automotive Shops,Automotive Shop,4bf58dd8d48988d124951735,Mississauga,ON,true,M6N 1K8,http://www.kenshaw.com,Lake St. & YMCA Dr.,,,,,,,,,
v-1461943866,2,81,220,false,Canada,CA,60961,-79.675861,43.531689,Erin Park Lexus,4be85e4dc5220f4764a7a9ca,true,.png,https://ss3.4sqi.net/img/categories_v2/shops/automotive_,Auto Dealer,Auto Dealerships,Auto Dealership,4eb1c1623b7b52c0e1adc2ec,Oakville,ON,true,M6N 1K8,http://www.dvnlexus.com,,,,,,,,,,
v-1461943866,1,2,2,false,Canada,CA,58889,-79.69146901804496,43.44855885689155,Oakville Lexus,4c96ad5772dd224b7596ae91,true,.png,https://ss3.4sqi.net/img/categories_v2/shops/automotive_,Auto Dealer,Auto Dealerships,Auto Dealership,4eb1c1623b7b52c0e1adc2ec,Toronto,ON,true,L3R 1G9,,,,,,,,,,,
v-1461943866,6,128,244,false,Canada,CA,91754,-79.3491326362128,43.71855197142065,Lexus On The Park,4b994644f964a5206a6f35e3,true,.png,https://ss3.4sqi.net/img/categories_v2/shops/automotive_,Auto Dealer,Auto Dealerships,Auto Dealership,4eb1c1623b7b52c0e1adc2ec,Brampton,ON,true,L2R,,,,,,,,,,,
v-1461943866,1,46,112,true,Canada,CA,66403,-79.705186,43.736267,Northwest Lexus,4bf6e0edb182c9b62aad745a,true,.png,https://ss3.4sqi.net/img/categories_v2/shops/automotive_,Auto Dealer,Auto Dealerships,Auto Dealership,4eb1c1623b7b52c0e1adc2ec,Toronto,ON,true,L4N 9E8,,,,,,,,,,,
v-1461943866,0,2,2,true,Canada,CA,80119,-79.47899311015776,43.67009970401227,Ken Shaw Lexus,53e38acd498e23caea68cb8b,true,.png,https://ss3.4sqi.net/img/categories_v2/shops/automotive_,Auto Dealer,Auto Dealerships,Auto Dealership,4eb1c1623b7b52c0e1adc2ec,Toronto,ON,true,,,,,,,,,,,,
v-1461943866,,58,120,false,Canada,CA,89233,-79.35701982865113,43.66146083090424,Lexus Downtown,4f073822e4b0aa2dc50f8015,true,.png,https://ss3.4sqi.net/img/categories_v2/shops/automotive_,Automotive,Automotive Shops,Automotive Shop,4bf58dd8d48988d124951735,London,ON,true,,,,,,,,,,,,
v-1461943866,,24,160,false,Canada,CA,88469,-81.263213,42.936363,Lexus Of London,4be5d4462457a5930214ac15,true,.png,https://ss3.4sqi.net/img/categories_v2/shops/automotive_,Auto Dealer,Auto Dealerships,Auto Dealership,4eb1c1623b7b52c0e1adc2ec,Toronto,ON,true,,,,,,,,,,,,
v-1461943866,,63,114,true,Canada,CA,80090,-79.479292,43.669932,Ken Shaw Toyota Scion,4afb522bf964a520ec1c22e3,true,.png,https://ss3.4sqi.net/img/categories_v2/shops/automotive_,Auto Dealer,Auto Dealerships,Auto Dealership,4eb1c1623b7b52c0e1adc2ec,Markham,ON,true,,,,,,,,,,,,
v-1461943866,,182,1165,false,Canada,CA,96102,-79.34577735130179,43.81511130003153,Don Valley North Lexus,4bd1be6f9854d13ab312fa4d,true,.png,https://ss3.4sqi.net/img/categories_v2/building/default_,Office,Offices,Office,4bf58dd8d48988d124941735,Toronto,ON,,,,,,,,,,,,,
v-1461943866,,34,109,false,Canada,CA,102355,-79.24154390237265,43.782683479227025,Lexus Canada,4c488b801ddec92897eea032,true,.png,https://ss3.4sqi.net/img/categories_v2/shops/automotive_,Auto Dealer,Auto Dealerships,Auto Dealership,4eb1c1623b7b52c0e1adc2ec,St. Catharines,ON,,,,,,,,,,,,,
v-1461943866,,36,112,false,Canada,CA,99048,-79.25076718192497,43.17951695743493,Performance Lexus-Toyota,4c6fefc7d7fab1f7bec15cc9,true,.png,https://ss3.4sqi.net/img/categories_v2/shops/automotive_,Auto Dealer,Auto Dealerships,Auto Dealership,4eb1c1623b7b52c0e1adc2ec,Barrie,ON,,,,,,,,,,,,,
v-1461943866,,4,12,false,Canada,CA,114228,-79.71025228500366,44.32955831484278,Lexus of Barrie,4f16fd01d5fb04999ed0c939,,,,,,,,,,,,,,,,,,,,,,
,,,,,,,,,,,,,,,,,,,,,,,,,,,,,,,,,
v-1461943866,7,105,575,false,Canada,CA,13374,-123.07818881484471,49.17404782425434,OpenRoad Lexus Richmond,4df0eb5fd22d43368719a13e,true,.png,https://ss3.4sqi.net/img/categories_v2/shops/automotive_,Auto Dealer,Auto Dealerships,Auto Dealership,4eb1c1623b7b52c0e1adc2ec,Richmond,BC,true,V6V 2M6,http://www.jpautogroup.com,Richmond Auto Mall,,,5569ef26a7c8896abe7bde57,,,,,,
v-1461943866,1,14,28,true,Canada,CA,5730,-123.098065,49.316088,Jim Pattison Lexus Northshore,4d13a77ce3b5224b93669143,true,.png,https://ss3.4sqi.net/img/categories_v2/shops/automotive_,Auto Dealer,Auto Dealerships,Auto Dealership,4eb1c1623b7b52c0e1adc2ec,North Vancouver,BC,true,V7P 3R8,http://www.regencyauto.com,Thorton,,,556f3b89bd6a8104863bd8d3,,,,,,
v-1461943866,0,18,23,false,Canada,CA,5721,-123.098065,49.315916,Lexus,4bdc98f92a3a0f476993b3b6,true,.png,https://ss3.4sqi.net/img/categories_v2/shops/automotive_,Automotive,Automotive Shops,Automotive Shop,4bf58dd8d48988d124951735,North Vancouver,BC,true,V6A 2K9,http://www.regencyauto.com,West 6th,,,556f3b89bd6a8104863bd8d3,,,,,,
v-1461943866,,42,287,true,Canada,CA,4846,-123.09084045255152,49.27209662824801,Regency Lexus,4d430b19946af04db7190a77,true,.png,https://ss3.4sqi.net/img/categories_v2/shops/automotive_,Automotive,Automotive Shops,Automotive Shop,4bf58dd8d48988d124951735,Vancouver,BC,true,V6J 5A5,http://www.jpautogroup.com,Burnside,,,5569ef26a7c8896abe7bde57,,,,,,
v-1461943866,,87,487,true,Canada,CA,8797,-123.14546227455138,49.26608231730073,Regency Lexus,4cf55dc86195721e231657c1,true,.png,https://ss3.4sqi.net/img/categories_v2/shops/automotive_,Automotive,Automotive Shops,Automotive Shop,4bf58dd8d48988d124951735,Vancouver,BC,true,V8T 4N4,,Finlayson Street,,,,,,,,,
v-1461943866,,44,128,false,Canada,CA,14064,-122.83736704588262,49.276812073642574,OpenRoad Lexus Port Moody,4cf94770c671721e0949b618,true,.png,https://ss3.4sqi.net/img/categories_v2/shops/automotive_,Automotive,Automotive Shops,Automotive Shop,4bf58dd8d48988d124951735,Port Moody,BC,true,,,,,,,,,,,,
v-1461943866,,12,24,false,Canada,CA,15140,-123.139615,49.174344,Richmond Lexus,4bd8e5c70115c9b6e6d47580,true,.png,https://ss3.4sqi.net/img/categories_v2/building/default_,Building,Buildings,Building,4bf58dd8d48988d130941735,Richmond,BC,true,,,,,,,,,,,,
v-1461943867,,3,5,false,Canada,CA,97428,-123.37258641907684,48.44428793946441,Jim Pattinson Lexus Toyota,54e8c0bb498ea96fc76a2b92,true,.png,https://ss3.4sqi.net/img/categories_v2/shops/automotive_,Auto Dealer,Auto Dealerships,Auto Dealership,4eb1c1623b7b52c0e1adc2ec,Victoria,BC,true,,,,,,,,,,,,
v-1461943867,,81,160,true,Canada,CA,97375,-123.37133646011353,48.44456117711006,Jim Pattison Toyota Victoria,4b92f585f964a520802a34e3,true,.png,https://ss3.4sqi.net/img/categories_v2/shops/automotive_,Auto Dealer,Auto Dealerships,Auto Dealership,4eb1c1623b7b52c0e1adc2ec,Victoria,BC,,,,,,,,,,,,,
v-1461943867,0,1,4,false,Canada,CA,6894,-76.58591811479293,44.236802653167615,Lexus Of Kingston,519bc606498e208a0c5a3a4f,true,.png,https://ss3.4sqi.net/img/categories_v2/shops/automotive_,Automotive,Automotive Shops,Automotive Shop,4bf58dd8d48988d124951735,Kingston,ON,true,K7M 4Y3,,Vista Drive,,,,,,,,,
v-1461943867,0,43,87,false,Canada,CA,4144,-106.64823532104492,52.157216278553406,Ens Lexus Toyota,4b60465bf964a52027dd29e3,true,.png,https://ss3.4sqi.net/img/categories_v2/shops/automotive_,Automotive,Automotive Shops,Automotive Shop,4bf58dd8d48988d124951735,Saskatoon,SK,true,S7K 6N8,,,,,,,,,,,
v-1461943867,1,71,196,true,Canada,CA,100850,-79.44703102111816,43.908421011962936,Lexus of Richmond Hill,4bbcc139a8cf76b096e6b0fd,true,.png,https://ss3.4sqi.net/img/categories_v2/shops/automotive_,Auto Dealer,Auto Dealerships,Auto Dealership,4eb1c1623b7b52c0e1adc2ec,Richmond Hill,ON,true,L4E 3N7,http://www.lexusrh.com,at Gamble Rd.,,42815897,,,,,,,
v-1461943867,2,128,244,false,Canada,CA,106240,-79.3491326362128,43.71855197142065,Lexus On The Park,4b994644f964a5206a6f35e3,true,.png,https://ss3.4sqi.net/img/categories_v2/shops/automotive_,Auto Dealer,Auto Dealerships,Auto Dealership,4eb1c1623b7b52c0e1adc2ec,Toronto,ON,true,M3C 2J7,http://www.lexusonthepark.ca,at Eglinton Ave. E,,,,,,,,,
v-1461943867,6,34,109,false,Canada,CA,95024,-79.24154390237265,43.782683479227025,Lexus Canada,4c488b801ddec92897eea032,true,.png,https://ss3.4sqi.net/img/categories_v2/building/default_,Office,Offices,Office,4bf58dd8d48988d124941735,Toronto,ON,true,L3R 1G9,http://www.dvnlexus.com,btwn Woodbine& Victoria Park Ave.,,,,,,,,,
v-1461943867,0,182,1165,false,Canada,CA,99422,-79.34577735130179,43.81511130003153,Don Valley North Lexus,4bd1be6f9854d13ab312fa4d,true,.png,https://ss3.4sqi.net/img/categories_v2/shops/automotive_,Auto Dealer,Auto Dealerships,Auto Dealership,4eb1c1623b7b52c0e1adc2ec,Markham,ON,true,L4N 9E8,,,,,,,,,,,
v-1461943867,,58,120,false,Canada,CA,110916,-79.35701982865113,43.66146083090424,Lexus Downtown,4f073822e4b0aa2dc50f8015,true,.png,https://ss3.4sqi.net/img/categories_v2/shops/automotive_,Auto Dealer,Auto Dealerships,Auto Dealership,4eb1c1623b7b52c0e1adc2ec,Toronto,ON,true,,,,,,,,,,,,
v-1461943867,,4,12,false,Canada,CA,109907,-79.71025228500366,44.32955831484278,Lexus of Barrie,4f16fd01d5fb04999ed0c939,true,.png,https://ss3.4sqi.net/img/categories_v2/shops/automotive_,Auto Dealer,Auto Dealerships,Auto Dealership,4eb1c1623b7b52c0e1adc2ec,Barrie,ON,,,,,,,,,,,,,
v-1461943866,0,1,4,false,Canada,CA,63677,-76.58591811479293,44.236802653167615,Lexus Of Kingston,519bc606498e208a0c5a3a4f,true,.png,https://ss3.4sqi.net/img/categories_v2/shops/automotive_,Automotive,Automotive Shops,Automotive Shop,4bf58dd8d48988d124951735,Kingston,ON,true,K7M 4Y3,,Vista Drive,,,,,,,,,
v-1461943866,2,85,315,false,Canada,CA,63384,-63.61555864612374,44.66197514060343,O'Regan's Toyota,4c05275c0d0e0f475ae2049a,true,.png,https://ss3.4sqi.net/img/categories_v2/shops/automotive_,Auto Dealer,Auto Dealerships,Auto Dealership,4eb1c1623b7b52c0e1adc2ec,Halifax,NS,true,,,,,,,,,,,,
v-1461943867,1,86,186,true,Canada,CA,12446,-113.6160720463522,53.5603130467858,Lexus of Edmonton,4b912e29f964a52080a833e3,true,.png,https://ss3.4sqi.net/img/categories_v2/shops/automotive_,Automotive,Automotive Shops,Automotive Shop,4bf58dd8d48988d124951735,Edmonton,AB,true,T5S 2X1,http://www.lexusofedmonton.ca,,,52316158,,,,,,,
v-1461943867,0,26,39,false,Canada,CA,19679,-113.49013392883475,53.42574547678911,Lexus South Pointe,51489981e4b03c1c5770121c,true,.png,https://ss3.4sqi.net/img/categories_v2/shops/automotive_,Auto Dealer,Auto Dealerships,Auto Dealership,4eb1c1623b7b52c0e1adc2ec,Edmonton,AB,true,T6X 0S8,,,,,,,,,,,
v-1461943867,1,71,196,true,Canada,CA,25464,-79.44703102111816,43.908421011962936,Lexus of Richmond Hill,4bbcc139a8cf76b096e6b0fd,true,.png,https://ss3.4sqi.net/img/categories_v2/shops/automotive_,Auto Dealer,Auto Dealerships,Auto Dealership,4eb1c1623b7b52c0e1adc2ec,Richmond Hill,ON,true,L4E 3N7,http://www.lexusrh.com,at Gamble Rd.,,42815897,568c4f8e498ec8e3dff565dd,,,,,,
v-1461943867,2,128,244,false,Canada,CA,7795,-79.3491326362128,43.71855197142065,Lexus On The Park,4b994644f964a5206a6f35e3,true,.png,https://ss3.4sqi.net/img/categories_v2/shops/automotive_,Auto Dealer,Auto Dealerships,Auto Dealership,4eb1c1623b7b52c0e1adc2ec,Toronto,ON,true,M3C 2J7,http://www.lexusonthepark.ca,at Eglinton Ave. E,,92127826,,,,,,,
v-1461943867,1,58,120,false,Canada,CA,6228,-79.35701982865113,43.66146083090424,Lexus Downtown,4f073822e4b0aa2dc50f8015,true,.png,https://ss3.4sqi.net/img/categories_v2/shops/automotive_,Auto Dealer,Auto Dealerships,Auto Dealership,4eb1c1623b7b52c0e1adc2ec,Toronto,ON,true,M6N 1K8,http://www.kenshawlexus.com,Runnymede Rd,,91440561,,,,,,,
v-1461943867,6,2,2,true,Canada,CA,4095,-79.47899311015776,43.67009970401227,Ken Shaw Lexus,53e38acd498e23caea68cb8b,true,.png,https://ss3.4sqi.net/img/categories_v2/shops/automotive_,Auto Dealer,Auto Dealerships,Auto Dealership,4eb1c1623b7b52c0e1adc2ec,Toronto,ON,true,M6N 1K8,http://www.kenshaw.com,at Runnymede Rd.,,75162923,,,,,,,
v-1461943867,2,63,114,true,Canada,CA,4123,-79.479292,43.669932,Ken Shaw Toyota Scion,4afb522bf964a520ec1c22e3,true,.png,https://ss3.4sqi.net/img/categories_v2/shops/automotive_,Auto Dealer,Auto Dealerships,Auto Dealership,4eb1c1623b7b52c0e1adc2ec,Toronto,ON,true,L3R 1G9,http://www.dvnlexus.com,btwn Woodbine& Victoria Park Ave.,,34852477,,,,,,,
v-1461943867,2,182,1165,false,Canada,CA,16495,-79.34577735130179,43.81511130003153,Don Valley North Lexus,4bd1be6f9854d13ab312fa4d,true,.png,https://ss3.4sqi.net/img/categories_v2/shops/automotive_,Auto Dealer,Auto Dealerships,Auto Dealership,4eb1c1623b7b52c0e1adc2ec,Markham,ON,true,L6S 5X6,http://www.northwestlexus.com,Lake St. & YMCA Dr.,,,,,,,,,
v-1461943867,1,34,109,false,Canada,CA,18985,-79.24154390237265,43.782683479227025,Lexus Canada,4c488b801ddec92897eea032,true,.png,https://ss3.4sqi.net/img/categories_v2/building/default_,Office,Offices,Office,4bf58dd8d48988d124941735,Toronto,ON,true,L5L,http://www.northtownlexus.com,at Getzville Rd.,,,,,,,,,
v-1461943867,3,46,112,true,Canada,CA,23012,-79.705186,43.736267,Northwest Lexus,4bf6e0edb182c9b62aad745a,true,.png,https://ss3.4sqi.net/img/categories_v2/shops/automotive_,Auto Dealer,Auto Dealerships,Auto Dealership,4eb1c1623b7b52c0e1adc2ec,Brampton,ON,true,L2R,http://www.heffner.ca,,,,,,,,,,
v-1461943867,1,8,9,false,Canada,CA,27876,-79.73357667541175,43.55995476306546,Lexus Booth Auto Show,4d5d9ee3241a721e56dfe32e,true,.png,https://ss3.4sqi.net/img/categories_v2/arts_entertainment/default_,Entertainment,General Entertainment,General Entertainment,4bf58dd8d48988d1f1931735,Mississauga,ON,true,14226,,,,,,,,,,,
v-1461943867,7,81,220,false,Canada,CA,25793,-79.675861,43.531689,Erin Park Lexus,4be85e4dc5220f4764a7a9ca,true,.png,https://ss3.4sqi.net/img/categories_v2/shops/automotive_,Automotive,Automotive Shops,Automotive Shop,4bf58dd8d48988d124951735,Oakville,ON,true,L4N 9E8,,,,,,,,,,,
v-1461943867,2,42,161,false,Canada,CA,38878,-79.73426132258498,43.40918875494086,Lexus of Oakville,4ba8f07ef964a520fafb39e3,true,.png,https://ss3.4sqi.net/img/categories_v2/shops/automotive_,Auto Dealer,Auto Dealerships,Auto Dealership,4eb1c1623b7b52c0e1adc2ec,Oakville,ON,true,N2A 1B1,,,,,,,,,,,
v-1461943867,,2,2,false,Canada,CA,33295,-79.69146901804496,43.44855885689155,Oakville Lexus,4c96ad5772dd224b7596ae91,true,.png,https://ss3.4sqi.net/img/categories_v2/shops/automotive_,Auto Dealer,Auto Dealerships,Auto Dealership,4eb1c1623b7b52c0e1adc2ec,St. Catharines,ON,true,14203,,,,,,,,,,,
v-1461943867,,36,112,false,Canada,CA,57566,-79.25076718192497,43.17951695743493,Performance Lexus-Toyota,4c6fefc7d7fab1f7bec15cc9,true,.png,https://ss3.4sqi.net/img/categories_v2/shops/automotive_,Auto Dealer,Auto Dealerships,Auto Dealership,4eb1c1623b7b52c0e1adc2ec,Amherst,NY,true,,,,,,,,,,,,
v-1461943867,,118,335,true,United States,US,93653,-78.79111896760759,42.97869040542814,Northtown Lexus,4e14793ca809548274abf384,true,.png,https://ss3.4sqi.net/img/categories_v2/shops/automotive_,Auto Dealer,Auto Dealerships,Auto Dealership,4eb1c1623b7b52c0e1adc2ec,Cambridge,ON,true,,,,,,,,,,,,
v-1461943867,,22,670,false,Canada,CA,81327,-80.37016306269201,43.41651810859746,TMMC Lexus Plant,519be85a498e5dbd9cfdb03d,true,.png,https://ss3.4sqi.net/img/categories_v2/building/factory_,Factory,Factories,Factory,4eb1bea83b7b6f98df247e06,Barrie,ON,true,,,,,,,,,,,,
v-1461943867,,4,12,false,Canada,CA,75709,-79.71025228500366,44.32955831484278,Lexus of Barrie,4f16fd01d5fb04999ed0c939,true,.png,https://ss3.4sqi.net/img/categories_v2/shops/automotive_,Auto Dealer,Auto Dealerships,Auto Dealership,4eb1c1623b7b52c0e1adc2ec,Kitchener,ON,,,,,,,,,,,,,
v-1461943867,,173,1157,true,Canada,CA,85336,-80.42846202850342,43.426899746672966,Heffner Toyota Lexus,4b92c14bf964a520b41834e3,true,.png,https://ss3.4sqi.net/img/categories_v2/shops/automotive_,Auto Dealer,Auto Dealerships,Auto Dealership,4eb1c1623b7b52c0e1adc2ec,Kitchener,ON,,,,,,,,,,,,,
v-1461943867,,5,22,false,Canada,CA,85024,-80.427934,43.434269,Toyota Lexus,4e0a2bb4d4c03ae0b9dcc65a,true,.png,https://ss3.4sqi.net/img/categories_v2/food/default_,American,American Restaurants,American Restaurant,4bf58dd8d48988d14e941735,Buffalo,NY,,,,,,,,,,,,,
v-1461943867,,181,406,false,United States,US,100134,-78.87706271280089,42.8755702202972,The Lexus Club,52572587498e103bdb64dcab,,,,,,,,,,,,,,,,,,,,,,
,,,,,,,,,,,,,,,,,,,,,,,,,,,,,,,,,
v-1461943867,1,14,17,false,Canada,CA,10764,-73.76298888826702,45.56591705650835,Lexus Laval,4bf14f29ead3c928a42979ef,true,.png,https://ss3.4sqi.net/img/categories_v2/shops/automotive_,Automotive,Automotive Shops,Automotive Shop,4bf58dd8d48988d124951735,Laval,QC,true,H7T 2W3,http://www.lexusgabriel.com,6th avenue,,,,,,,,,
v-1461943867,4,37,54,false,Canada,CA,10787,-73.65940625159756,45.51404860581956,Lexus Gabriel,4d7e407887003704f4846d99,true,.png,https://ss3.4sqi.net/img/categories_v2/shops/automotive_,Automotive,Automotive Shops,Automotive Shop,4bf58dd8d48988d124951735,Saint-Laurent,QC,true,H4N 3C2,,Peel,,,,,,,,,
v-1461943867,3,14,40,false,Canada,CA,21879,-73.83194142419376,45.46662729718117,Spinelli Lexus Pointe Claire,4de8ee23b0fbcb7c9acf2a79,true,.png,https://ss3.4sqi.net/img/categories_v2/shops/automotive_,Automotive,Automotive Shops,Automotive Shop,4bf58dd8d48988d124951735,Montreal,PQ,true,H9R 1A7,,Grand-allée,,,,,,,,,
v-1461943867,1,12,30,true,Canada,CA,23515,-73.34139452616803,45.57891045445946,Park Avenue Lexus,4c977e9bbc279c74563c6f53,true,.png,https://ss3.4sqi.net/img/categories_v2/shops/automotive_,Automotive,Automotive Shops,Automotive Shop,4bf58dd8d48988d124951735,Sainte-Julie,QC,true,J3E 3R6,,,,,,,,,,,
v-1461943867,1,6,8,true,Canada,CA,6655,-73.66837175908611,45.55361087493876,Spinelli Lexus Lachine,4d059a6ceb582c0f0f227553,true,.png,https://ss3.4sqi.net/img/categories_v2/shops/automotive_,Auto Dealer,Auto Dealerships,Auto Dealership,4eb1c1623b7b52c0e1adc2ec,Lachine,QC,true,H8S 2K9,,,,,,,,,,,
v-1461943867,1,18,53,false,Canada,CA,19946,-73.4655978677642,45.4788976457062,Lexus Prestige,4c58230c15a39c74b6963eb9,true,.png,https://ss3.4sqi.net/img/categories_v2/shops/automotive_,Auto Dealer,Auto Dealerships,Auto Dealership,4eb1c1623b7b52c0e1adc2ec,Brossard,QC,true,J4W 1M6,,,,,,,,,,,
v-1461943867,,5,7,false,Canada,CA,13193,-73.57396241982372,45.50087293605081,Uniglobe Voyage Lexus,4c9280ca332c3704c2c58864,true,.png,https://ss3.4sqi.net/img/categories_v2/travel/default_,Travel,General Travel,General Travel,4bf58dd8d48988d1f6931735,Montréal,QC,true,,,,,,,,,,,,
v-1461943867,,5,7,false,Canada,CA,20347,-73.44924925423531,45.4852346475175,Bar Lexus,50e7ccbee4b05301c780fa31,true,.png,https://ss3.4sqi.net/img/categories_v2/nightlife/pub_,Bar,Bars,Bar,4bf58dd8d48988d116941735,Saint-Hubert,,,,,,,,,,,,,,
v-1461943867,1,15,19,false,Canada,CA,4768,-71.27323354552955,46.832542675725506,Automobile Boulevard Lexus,4c2b71c52219c9285694a448,true,.png,https://ss3.4sqi.net/img/categories_v2/shops/automotive_,Automotive,Automotive Shops,Automotive Shop,4bf58dd8d48988d124951735,Québec,QC,true,G1M 3G2,,,,,,,,,,,
v-1461943867,2,12,42,false,Canada,CA,2162,-82.9244954440034,42.317016579669136,Eastway Toyota Lexus,4c8f99121992a1cdcd33e7fb,true,.png,https://ss3.4sqi.net/img/categories_v2/shops/automotive_,Automotive,Automotive Shops,Automotive Shop,4bf58dd8d48988d124951735,Windsor,ON,true,48034,http://www.lexusofsouthfield.com,W Twelve Mile Rd.,,137692305,5568ec3fa7c8a9cf8ec381c7,https://foursquare.com/v/4b9abe8bf964a520e2d135e3/device_menu,https://foursquare.com/v/lexus-of-ann-arbor/4b9abe8bf964a520e2d135e3/menu,View Products,Products,Products,true
v-1461943867,16,157,468,true,United States,US,38682,-83.2966661453247,42.496965,Meade Lexus of Southfield,4b1ec0ccf964a520fa1e24e3,true,.png,https://ss3.4sqi.net/img/categories_v2/shops/automotive_,Automotive,Automotive Shops,Automotive Shop,4bf58dd8d48988d124951735,Southfield,MI,true,48315,http://www.lexusoflakeside.com,Jackson Rd, in Auto Mall,,137692302,5568ec3fa7c8a9cf8ec381c7,,,,,,
v-1461943867,4,98,723,true,United States,US,36306,-83.00097942352295,42.627533359263175,Meade Lexus of Lakeside,4c37100d3849c9285afbbcb1,true,.png,https://ss3.4sqi.net/img/categories_v2/shops/automotive_,Automotive,Automotive Shops,Automotive Shop,4bf58dd8d48988d124951735,Utica,MI,true,48315,http://www.lexusofannarbor.com,King,,,,,,,,,
v-1461943867,1,57,176,false,United States,US,45743,-83.27392101287842,42.61457010399976,Lexus Medical Building,4c2a41d88abca593e463fe1f,true,.png,https://ss3.4sqi.net/img/categories_v2/building/medical_,Medical,Medical Centers,Medical Center,4bf58dd8d48988d104941735,Pontiac,MI,true,48160,,,,,,,,,,,
v-1461943867,2,1,2,false,United States,US,35282,-82.99420236869642,42.619240647477135,Meade Lexus "It's Your Turn" Certified Pre-Owned Sales Event,517ac112e4b0583090f59ad8,true,.png,https://ss3.4sqi.net/img/categories_v2/shops/automotive_,Auto Dealer,Auto Dealerships,Auto Dealership,4eb1c1623b7b52c0e1adc2ec,Utica,MI,true,48176,,,,,,,,,,,
v-1461943867,1,1,3,false,United States,US,67367,-83.69220203529524,42.16096570677649,Lexus P/u Lot,4f50c61ce4b062d9da37e8cb,true,.png,https://ss3.4sqi.net/img/categories_v2/building/parking_,Parking,Parking,Parking,4c38df4de52ce0d596b336e1,Milan,MI,true,48103,,,,,,,,,,,
v-1461943867,,1,1,false,United States,US,67357,-83.69257579099147,42.16237484676795,Lexus Conf Room,4ef0bad2b8f7eb2371656a32,true,.png,https://ss3.4sqi.net/img/categories_v2/building/office_conferenceroom_,Conference room,Conference Rooms,Conference Room,4bf58dd8d48988d127941735,Saline,MI,,43617,,,,,,,,,,,
v-1461943867,,99,794,true,United States,US,75265,-83.81353368229871,42.28584612486811,Lexus of Ann Arbor,4b9abe8bf964a520e2d135e3,true,.png,https://ss3.4sqi.net/img/categories_v2/shops/automotive_,Auto Dealer,Auto Dealerships,Auto Dealership,4eb1c1623b7b52c0e1adc2ec,Ann Arbor,MI,,,,,,,,,,,,,
v-1461943867,,50,110,false,United States,US,98282,-83.72304490787602,41.67336413288142,Lexus of Toledo,4c9e3ba08afca0938abffe15,true,.png,https://ss3.4sqi.net/img/categories_v2/shops/automotive_,Automotive,Automotive Shops,Automotive Shop,4bf58dd8d48988d124951735,Toledo,OH,,,,,,,,,,,,,
v-1461943867,1,4,12,false,Canada,CA,2404,-79.71025228500366,44.32955831484278,Lexus of Barrie,4f16fd01d5fb04999ed0c939,true,.png,https://ss3.4sqi.net/img/categories_v2/shops/automotive_,Auto Dealer,Auto Dealerships,Auto Dealership,4eb1c1623b7b52c0e1adc2ec,Barrie,ON,true,L4N 9E8,http://www.lexusrh.com,at Gamble Rd.,,42815897,568c4f8e498ec8e3dff565dd,,,,,,
v-1461943867,2,71,196,true,Canada,CA,53777,-79.44703102111816,43.908421011962936,Lexus of Richmond Hill,4bbcc139a8cf76b096e6b0fd,true,.png,https://ss3.4sqi.net/img/categories_v2/shops/automotive_,Auto Dealer,Auto Dealerships,Auto Dealership,4eb1c1623b7b52c0e1adc2ec,Richmond Hill,ON,true,L4E 3N7,http://www.lexusonthepark.ca,at Eglinton Ave. E,,75162923,,,,,,,
v-1461943867,6,128,244,false,Canada,CA,76301,-79.3491326362128,43.71855197142065,Lexus On The Park,4b994644f964a5206a6f35e3,true,.png,https://ss3.4sqi.net/img/categories_v2/shops/automotive_,Auto Dealer,Auto Dealerships,Auto Dealership,4eb1c1623b7b52c0e1adc2ec,Toronto,ON,true,M3C 2J7,http://www.dvnlexus.com,btwn Woodbine& Victoria Park Ave.,,92127826,,,,,,,
v-1461943867,2,182,1165,false,Canada,CA,66639,-79.34577735130179,43.81511130003153,Don Valley North Lexus,4bd1be6f9854d13ab312fa4d,true,.png,https://ss3.4sqi.net/img/categories_v2/shops/automotive_,Auto Dealer,Auto Dealerships,Auto Dealership,4eb1c1623b7b52c0e1adc2ec,Markham,ON,true,L3R 1G9,http://www.northwestlexus.com,Runnymede Rd,,91440561,,,,,,,
v-1461943867,1,34,109,false,Canada,CA,73843,-79.24154390237265,43.782683479227025,Lexus Canada,4c488b801ddec92897eea032,true,.png,https://ss3.4sqi.net/img/categories_v2/building/default_,Office,Offices,Office,4bf58dd8d48988d124941735,Toronto,ON,true,L6S 5X6,http://www.kenshawlexus.com,at Runnymede Rd.,,34852477,,,,,,,
v-1461943867,2,46,112,true,Canada,CA,68330,-79.705186,43.736267,Northwest Lexus,4bf6e0edb182c9b62aad745a,true,.png,https://ss3.4sqi.net/img/categories_v2/shops/automotive_,Auto Dealer,Auto Dealerships,Auto Dealership,4eb1c1623b7b52c0e1adc2ec,Brampton,ON,true,M6N 1K8,http://www.kenshaw.com,,,,,,,,,,
v-1461943867,7,58,120,false,Canada,CA,81972,-79.35701982865113,43.66146083090424,Lexus Downtown,4f073822e4b0aa2dc50f8015,true,.png,https://ss3.4sqi.net/img/categories_v2/shops/automotive_,Auto Dealer,Auto Dealerships,Auto Dealership,4eb1c1623b7b52c0e1adc2ec,Toronto,ON,true,M6N 1K8,http://www.heffner.ca,,,,,,,,,,
v-1461943867,1,2,2,true,Canada,CA,78106,-79.47899311015776,43.67009970401227,Ken Shaw Lexus,53e38acd498e23caea68cb8b,true,.png,https://ss3.4sqi.net/img/categories_v2/shops/automotive_,Auto Dealer,Auto Dealerships,Auto Dealership,4eb1c1623b7b52c0e1adc2ec,Toronto,ON,true,L5L,,,,,,,,,,,
v-1461943867,0,8,9,false,Canada,CA,87953,-79.73357667541175,43.55995476306546,Lexus Booth Auto Show,4d5d9ee3241a721e56dfe32e,true,.png,https://ss3.4sqi.net/img/categories_v2/arts_entertainment/default_,Entertainment,General Entertainment,General Entertainment,4bf58dd8d48988d1f1931735,Toronto,ON,true,N2A 1B1,,,,,,,,,,,
v-1461943867,,63,114,true,Canada,CA,78118,-79.479292,43.669932,Ken Shaw Toyota Scion,4afb522bf964a520ec1c22e3,true,.png,https://ss3.4sqi.net/img/categories_v2/shops/automotive_,Auto Dealer,Auto Dealerships,Auto Dealership,4eb1c1623b7b52c0e1adc2ec,Mississauga,ON,true,,,,,,,,,,,,
v-1461943867,,81,220,false,Canada,CA,91162,-79.675861,43.531689,Erin Park Lexus,4be85e4dc5220f4764a7a9ca,true,.png,https://ss3.4sqi.net/img/categories_v2/shops/automotive_,Automotive,Automotive Shops,Automotive Shop,4bf58dd8d48988d124951735,Oakville,ON,true,,,,,,,,,,,,
v-1461943867,,42,161,false,Canada,CA,104736,-79.73426132258498,43.40918875494086,Lexus of Oakville,4ba8f07ef964a520fafb39e3,true,.png,https://ss3.4sqi.net/img/categories_v2/shops/automotive_,Auto Dealer,Auto Dealerships,Auto Dealership,4eb1c1623b7b52c0e1adc2ec,Oakville,ON,true,,,,,,,,,,,,
v-1461943867,,2,2,false,Canada,CA,100373,-79.69146901804496,43.44855885689155,Oakville Lexus,4c96ad5772dd224b7596ae91,true,.png,https://ss3.4sqi.net/img/categories_v2/shops/automotive_,Auto Dealer,Auto Dealerships,Auto Dealership,4eb1c1623b7b52c0e1adc2ec,Kitchener,ON,,,,,,,,,,,,,
v-1461943867,,173,1157,true,Canada,CA,117428,-80.42846202850342,43.426899746672966,Heffner Toyota Lexus,4b92c14bf964a520b41834e3,true,.png,https://ss3.4sqi.net/img/categories_v2/shops/automotive_,Auto Dealer,Auto Dealerships,Auto Dealership,4eb1c1623b7b52c0e1adc2ec,Cambridge,ON,,,,,,,,,,,,,
v-1461943867,,22,670,false,Canada,CA,116271,-80.37016306269201,43.41651810859746,TMMC Lexus Plant,519be85a498e5dbd9cfdb03d,true,.png,https://ss3.4sqi.net/img/categories_v2/building/factory_,Factory,Factories,Factory,4eb1bea83b7b6f98df247e06,Kitchener,ON,,,,,,,,,,,,,
v-1461943867,,5,22,false,Canada,CA,116689,-80.427934,43.434269,Toyota Lexus,4e0a2bb4d4c03ae0b9dcc65a,,,,,,,,,,,,,,,,,,,,,,
v-1461943867,7,3,5,false,Canada,CA,4251,-123.37258641907684,48.44428793946441,Jim Pattinson Lexus Toyota,54e8c0bb498ea96fc76a2b92,true,.png,https://ss3.4sqi.net/img/categories_v2/shops/automotive_,Auto Dealer,Auto Dealerships,Auto Dealership,4eb1c1623b7b52c0e1adc2ec,Victoria,BC,true,V8T 4N4,http://www.jpautogroup.com,Burnside,,32895193,5569ef26a7c8896abe7bde57,,,,,,
v-1461943867,1,81,160,true,Canada,CA,4163,-123.37133646011353,48.44456117711006,Jim Pattison Toyota Victoria,4b92f585f964a520802a34e3,true,.png,https://ss3.4sqi.net/img/categories_v2/shops/automotive_,Auto Dealer,Auto Dealerships,Auto Dealership,4eb1c1623b7b52c0e1adc2ec,Victoria,BC,true,V6V 2M6,http://www.jpautogroup.com,Finlayson Street,,,5569ef26a7c8896abe7bde57,,,,,,
v-1461943867,3,105,575,false,Canada,CA,80517,-123.07818881484471,49.17404782425434,OpenRoad Lexus Richmond,4df0eb5fd22d43368719a13e,true,.png,https://ss3.4sqi.net/img/categories_v2/shops/automotive_,Auto Dealer,Auto Dealerships,Auto Dealership,4eb1c1623b7b52c0e1adc2ec,Richmond,BC,true,V7P 3R8,http://www.regencyauto.com,Richmond Auto Mall,,,556f3b89bd6a8104863bd8d3,,,,,,
v-1461943867,0,14,28,true,Canada,CA,95702,-123.098065,49.316088,Jim Pattison Lexus Northshore,4d13a77ce3b5224b93669143,true,.png,https://ss3.4sqi.net/img/categories_v2/shops/automotive_,Auto Dealer,Auto Dealerships,Auto Dealership,4eb1c1623b7b52c0e1adc2ec,North Vancouver,BC,true,V6J 5A5,http://www.lexusofseattle.com,West 6th,,,556f3b89bd6a8104863bd8d3,,,,,,
v-1461943867,,12,24,false,Canada,CA,79638,-123.139615,49.174344,Richmond Lexus,4bd8e5c70115c9b6e6d47580,true,.png,https://ss3.4sqi.net/img/categories_v2/building/default_,Building,Buildings,Building,4bf58dd8d48988d130941735,Richmond,BC,true,98036,http://www.regencyauto.com,Thorton,,,,,,,,,
v-1461943867,,18,23,false,Canada,CA,95684,-123.098065,49.315916,Lexus,4bdc98f92a3a0f476993b3b6,true,.png,https://ss3.4sqi.net/img/categories_v2/shops/automotive_,Automotive,Automotive Shops,Automotive Shop,4bf58dd8d48988d124951735,North Vancouver,BC,true,V6A 2K9,,,,,,,,,,,
v-1461943867,,87,487,true,Canada,CA,89643,-123.14546227455138,49.26608231730073,Regency Lexus,4cf55dc86195721e231657c1,true,.png,https://ss3.4sqi.net/img/categories_v2/shops/automotive_,Automotive,Automotive Shops,Automotive Shop,4bf58dd8d48988d124951735,Vancouver,BC,true,98004,,,,,,,,,,,
v-1461943867,,225,733,true,United States,US,104554,-122.321366,47.814867,Lexus Of Seattle,4b882cb3f964a5200fe531e3,true,.png,https://ss3.4sqi.net/img/categories_v2/shops/automotive_,Auto Dealer,Auto Dealerships,Auto Dealership,4eb1c1623b7b52c0e1adc2ec,Lynnwood,WA,true,,,,,,,,,,,,
v-1461943867,,42,287,true,Canada,CA,90989,-123.09084045255152,49.27209662824801,Regency Lexus,4d430b19946af04db7190a77,true,.png,https://ss3.4sqi.net/img/categories_v2/shops/automotive_,Automotive,Automotive Shops,Automotive Shop,4bf58dd8d48988d124951735,Vancouver,BC,true,,,,,,,,,,,,
v-1461943867,,44,128,false,Canada,CA,96784,-122.83736704588262,49.276812073642574,OpenRoad Lexus Port Moody,4cf94770c671721e0949b618,true,.png,https://ss3.4sqi.net/img/categories_v2/shops/automotive_,Automotive,Automotive Shops,Automotive Shop,4bf58dd8d48988d124951735,Port Moody,BC,true,,,,,,,,,,,,
v-1461943867,,10,14,false,United States,US,111482,-122.1874922685485,47.82051252483569,Lexus Of Bellevue Service Department,4eb40822cc2143e8275bd4b8,true,.png,https://ss3.4sqi.net/img/categories_v2/shops/automotive_,Auto Dealer,Auto Dealerships,Auto Dealership,4eb1c1623b7b52c0e1adc2ec,Bellevue,WA,,,,,,,,,,,,,
v-1461943867,1,22,670,false,Canada,CA,27331,-80.37016306269201,43.41651810859746,TMMC Lexus Plant,519be85a498e5dbd9cfdb03d,true,.png,https://ss3.4sqi.net/img/categories_v2/building/factory_,Factory,Factories,Factory,4eb1bea83b7b6f98df247e06,Cambridge,ON,true,N2A 1B1,http://www.heffner.ca,at Gamble Rd.,,34852477,568c4f8e498ec8e3dff565dd,,,,,,
v-1461943867,7,173,1157,true,Canada,CA,30471,-80.42846202850342,43.426899746672966,Heffner Toyota Lexus,4b92c14bf964a520b41834e3,true,.png,https://ss3.4sqi.net/img/categories_v2/shops/automotive_,Auto Dealer,Auto Dealerships,Auto Dealership,4eb1c1623b7b52c0e1adc2ec,Kitchener,ON,true,L4E 3N7,http://www.lexusrh.com,at Eglinton Ave. E,,42815897,,,,,,,
v-1461943867,1,5,22,false,Canada,CA,31162,-80.427934,43.434269,Toyota Lexus,4e0a2bb4d4c03ae0b9dcc65a,true,.png,https://ss3.4sqi.net/img/categories_v2/shops/automotive_,Auto Dealer,Auto Dealerships,Auto Dealership,4eb1c1623b7b52c0e1adc2ec,Kitchener,ON,true,L5L,http://www.lexusonthepark.ca,Runnymede Rd,,75162923,,,,,,,
v-1461943867,2,42,161,false,Canada,CA,47687,-79.73426132258498,43.40918875494086,Lexus of Oakville,4ba8f07ef964a520fafb39e3,true,.png,https://ss3.4sqi.net/img/categories_v2/arts_entertainment/default_,Entertainment,General Entertainment,General Entertainment,4bf58dd8d48988d1f1931735,Oakville,ON,true,M3C 2J7,http://www.northwestlexus.com,Lake St. & YMCA Dr.,,92127826,,,,,,,
v-1461943867,2,8,9,false,Canada,CA,58095,-79.73357667541175,43.55995476306546,Lexus Booth Auto Show,4d5d9ee3241a721e56dfe32e,true,.png,https://ss3.4sqi.net/img/categories_v2/shops/automotive_,Auto Dealer,Auto Dealerships,Auto Dealership,4eb1c1623b7b52c0e1adc2ec,Oakville,ON,true,L6S 5X6,http://www.kenshawlexus.com,at Getzville Rd.,,91440561,,,,,,,
v-1461943867,2,2,2,false,Canada,CA,52933,-79.69146901804496,43.44855885689155,Oakville Lexus,4c96ad5772dd224b7596ae91,true,.png,https://ss3.4sqi.net/img/categories_v2/shops/automotive_,Auto Dealer,Auto Dealerships,Auto Dealership,4eb1c1623b7b52c0e1adc2ec,Richmond Hill,ON,true,M6N 1K8,http://www.northtownlexus.com,at Runnymede Rd.,,,,,,,,,
v-1461943867,1,71,196,true,Canada,CA,102414,-79.44703102111816,43.908421011962936,Lexus of Richmond Hill,4bbcc139a8cf76b096e6b0fd,true,.png,https://ss3.4sqi.net/img/categories_v2/shops/automotive_,Automotive,Automotive Shops,Automotive Shop,4bf58dd8d48988d124951735,Mississauga,ON,true,L2R,http://www.kenshaw.com,btwn Woodbine& Victoria Park Ave.,,,,,,,,,
v-1461943867,2,81,220,false,Canada,CA,59425,-79.675861,43.531689,Erin Park Lexus,4be85e4dc5220f4764a7a9ca,true,.png,https://ss3.4sqi.net/img/categories_v2/shops/automotive_,Auto Dealer,Auto Dealerships,Auto Dealership,4eb1c1623b7b52c0e1adc2ec,Toronto,ON,true,14226,http://www.dvnlexus.com,,,,,,,,,,
v-1461943867,3,128,244,false,Canada,CA,92974,-79.3491326362128,43.71855197142065,Lexus On The Park,4b994644f964a5206a6f35e3,true,.png,https://ss3.4sqi.net/img/categories_v2/shops/automotive_,Auto Dealer,Auto Dealerships,Auto Dealership,4eb1c1623b7b52c0e1adc2ec,Brampton,ON,true,M6N 1K8,,,,,,,,,,,
v-1461943867,1,46,112,true,Canada,CA,74598,-79.705186,43.736267,Northwest Lexus,4bf6e0edb182c9b62aad745a,true,.png,https://ss3.4sqi.net/img/categories_v2/shops/automotive_,Auto Dealer,Auto Dealerships,Auto Dealership,4eb1c1623b7b52c0e1adc2ec,Toronto,ON,true,L3R 1G9,,,,,,,,,,,
v-1461943867,6,58,120,false,Canada,CA,88601,-79.35701982865113,43.66146083090424,Lexus Downtown,4f073822e4b0aa2dc50f8015,true,.png,https://ss3.4sqi.net/img/categories_v2/shops/automotive_,Auto Dealer,Auto Dealerships,Auto Dealership,4eb1c1623b7b52c0e1adc2ec,Toronto,ON,true,,,,,,,,,,,,
v-1461943867,0,2,2,true,Canada,CA,81492,-79.47899311015776,43.67009970401227,Ken Shaw Lexus,53e38acd498e23caea68cb8b,true,.png,https://ss3.4sqi.net/img/categories_v2/shops/automotive_,Auto Dealer,Auto Dealerships,Auto Dealership,4eb1c1623b7b52c0e1adc2ec,St. Catharines,ON,true,,,,,,,,,,,,
v-1461943867,,36,112,false,Canada,CA,80302,-79.25076718192497,43.17951695743493,Performance Lexus-Toyota,4c6fefc7d7fab1f7bec15cc9,true,.png,https://ss3.4sqi.net/img/categories_v2/shops/automotive_,Automotive,Automotive Shops,Automotive Shop,4bf58dd8d48988d124951735,London,ON,true,,,,,,,,,,,,
v-1461943867,,24,160,false,Canada,CA,87876,-81.263213,42.936363,Lexus Of London,4be5d4462457a5930214ac15,true,.png,https://ss3.4sqi.net/img/categories_v2/shops/automotive_,Auto Dealer,Auto Dealerships,Auto Dealership,4eb1c1623b7b52c0e1adc2ec,Amherst,NY,true,,,,,,,,,,,,
v-1461943867,,118,335,true,United States,US,120120,-78.79111896760759,42.97869040542814,Northtown Lexus,4e14793ca809548274abf384,true,.png,https://ss3.4sqi.net/img/categories_v2/shops/automotive_,Auto Dealer,Auto Dealerships,Auto Dealership,4eb1c1623b7b52c0e1adc2ec,Toronto,ON,,,,,,,,,,,,,
v-1461943867,,63,114,true,Canada,CA,81461,-79.479292,43.669932,Ken Shaw Toyota Scion,4afb522bf964a520ec1c22e3,true,.png,https://ss3.4sqi.net/img/categories_v2/shops/automotive_,Auto Dealer,Auto Dealerships,Auto Dealership,4eb1c1623b7b52c0e1adc2ec,Markham,ON,,,,,,,,,,,,,
v-1461943867,,182,1165,false,Canada,CA,100276,-79.34577735130179,43.81511130003153,Don Valley North Lexus,4bd1be6f9854d13ab312fa4d,true,.png,https://ss3.4sqi.net/img/categories_v2/building/default_,Office,Offices,Office,4bf58dd8d48988d124941735,Toronto,ON,,,,,,,,,,,,,
v-1461943867,,34,109,false,Canada,CA,104190,-79.24154390237265,43.782683479227025,Lexus Canada,4c488b801ddec92897eea032,,,,,,,,,,,,,,,,,,,,,,
,,,,,,,,,,,,,,,,,,,,,,,,,,,,,,,,,
,,,,,,,,,,,,,,,,,,,,,,,,,,,,,,,,,
v-1461943867,1,4,7,true,Canada,CA,19681,-114.19245540470189,51.153610816355936,Lexus of Royal Oak,52fd65d8498ef2bcd8a13df4,true,.png,https://ss3.4sqi.net/img/categories_v2/shops/automotive_,Automotive,Automotive Shops,Automotive Shop,4bf58dd8d48988d124951735,Calgary,AB,true,T3R 1R8,http://www.lexusofroyaloak.com,,,135747097,,,,,,,
v-1461943867,0,60,555,true,Canada,CA,31814,-114.0325888999006,50.98611746877949,Lexus Of Calgary,4c462a36f1d80f47bf26a33c,true,.png,https://ss3.4sqi.net/img/categories_v2/shops/automotive_,Automotive,Automotive Shops,Automotive Shop,4bf58dd8d48988d124951735,Calgary,AB,true,T2H 3C1,,,,79331678,,,,,,,
v-1461943867,,0,0,false,Canada,CA,31874,-114.03051137924194,50.985423538676756,Lexus of Calgary,53a4047e498e0ff4e30e6361,true,.png,https://ss3.4sqi.net/img/categories_v2/shops/automotive_,Automotive,Automotive Shops,Automotive Shop,4bf58dd8d48988d124951735,Calgary,AB,true,T2H 3C1,,,,,,,,,,,
v-1461943867,0,62,262,false,Canada,CA,67241,-104.60595946157278,50.468015779446596,Taylor Lexus Toyota,4bb20f87f964a5208fb53ce3,true,.png,https://ss3.4sqi.net/img/categories_v2/shops/automotive_,Automotive,Automotive Shops,Automotive Shop,4bf58dd8d48988d124951735,,,true,,,,,,,,,,,,
v-1461943867,,2,2,false,Canada,CA,67522,-104.601978,50.468017,Taylor Lexus Auto Body Shop,530f73f2498e509e55c57e17,,,,,,,,,,,,,,,,,,,,,,
v-1461943867,1,4,12,false,Canada,CA,47209,-79.71025228500366,44.32955831484278,Lexus of Barrie,4f16fd01d5fb04999ed0c939,true,.png,https://ss3.4sqi.net/img/categories_v2/shops/automotive_,Auto Dealer,Auto Dealerships,Auto Dealership,4eb1c1623b7b52c0e1adc2ec,Barrie,ON,true,L4N 9E8,http://www.lexusrh.com,at Gamble Rd.,,42815897,568c4f8e498ec8e3dff565dd,,,,,,
v-1461943867,2,71,196,true,Canada,CA,98238,-79.44703102111816,43.908421011962936,Lexus of Richmond Hill,4bbcc139a8cf76b096e6b0fd,true,.png,https://ss3.4sqi.net/img/categories_v2/shops/automotive_,Auto Dealer,Auto Dealerships,Auto Dealership,4eb1c1623b7b52c0e1adc2ec,Richmond Hill,ON,true,L4E 3N7,http://www.northwestlexus.com,Runnymede Rd,,75162923,,,,,,,
v-1461943867,1,46,112,true,Canada,CA,112414,-79.705186,43.736267,Northwest Lexus,4bf6e0edb182c9b62aad745a,true,.png,https://ss3.4sqi.net/img/categories_v2/shops/automotive_,Auto Dealer,Auto Dealerships,Auto Dealership,4eb1c1623b7b52c0e1adc2ec,Brampton,ON,true,L6S 5X6,http://www.kenshawlexus.com,at Runnymede Rd.,,92127826,,,,,,,
v-1461943867,,2,2,true,Canada,CA,122919,-79.47899311015776,43.67009970401227,Ken Shaw Lexus,53e38acd498e23caea68cb8b,true,.png,https://ss3.4sqi.net/img/categories_v2/shops/automotive_,Auto Dealer,Auto Dealerships,Auto Dealership,4eb1c1623b7b52c0e1adc2ec,Toronto,ON,true,M6N 1K8,http://www.kenshaw.com,,,91440561,,,,,,,
v-1461943867,,63,114,true,Canada,CA,122931,-79.479292,43.669932,Ken Shaw Toyota Scion,4afb522bf964a520ec1c22e3,true,.png,https://ss3.4sqi.net/img/categories_v2/shops/automotive_,Auto Dealer,Auto Dealerships,Auto Dealership,4eb1c1623b7b52c0e1adc2ec,Toronto,ON,true,M6N 1K8,,,,,,,,,,,
v-1461943867,1,15,19,false,Canada,CA,99871,-71.27323354552955,46.832542675725506,Automobile Boulevard Lexus,4c2b71c52219c9285694a448,true,.png,https://ss3.4sqi.net/img/categories_v2/shops/automotive_,Automotive,Automotive Shops,Automotive Shop,4bf58dd8d48988d124951735,Québec,QC,true,G1M 3G2,,,,,,,,,,,
v-1461943867,3,12,30,true,Canada,CA,50720,-73.34139452616803,45.57891045445946,Park Avenue Lexus,4c977e9bbc279c74563c6f53,true,.png,https://ss3.4sqi.net/img/categories_v2/shops/automotive_,Automotive,Automotive Shops,Automotive Shop,4bf58dd8d48988d124951735,Sainte-Julie,QC,true,J3E 3R6,http://www.lexusgabriel.com,Grand-allée,,,,,,,,,
v-1461943867,1,18,53,false,Canada,CA,56768,-73.4655978677642,45.4788976457062,Lexus Prestige,4c58230c15a39c74b6963eb9,true,.png,https://ss3.4sqi.net/img/categories_v2/shops/automotive_,Auto Dealer,Auto Dealerships,Auto Dealership,4eb1c1623b7b52c0e1adc2ec,Brossard,QC,true,J4W 1M6,,Peel,,,,,,,,,
v-1461943867,4,37,54,false,Canada,CA,72345,-73.65940625159756,45.51404860581956,Lexus Gabriel,4d7e407887003704f4846d99,true,.png,https://ss3.4sqi.net/img/categories_v2/shops/automotive_,Automotive,Automotive Shops,Automotive Shop,4bf58dd8d48988d124951735,Saint-Laurent,QC,true,H4N 3C2,,6th avenue,,,,,,,,,
v-1461943867,1,5,7,false,Canada,CA,55638,-73.44924925423531,45.4852346475175,Bar Lexus,50e7ccbee4b05301c780fa31,true,.png,https://ss3.4sqi.net/img/categories_v2/nightlife/pub_,Bar,Bars,Bar,4bf58dd8d48988d116941735,Saint-Hubert,QC,true,H7T 2W3,,,,,,,,,,,
v-1461943867,1,14,17,false,Canada,CA,81457,-73.76298888826702,45.56591705650835,Lexus Laval,4bf14f29ead3c928a42979ef,true,.png,https://ss3.4sqi.net/img/categories_v2/shops/automotive_,Automotive,Automotive Shops,Automotive Shop,4bf58dd8d48988d124951735,Laval,PQ,true,H9R 1A7,,,,,,,,,,,
v-1461943867,1,14,40,false,Canada,CA,84953,-73.83194142419376,45.46662729718117,Spinelli Lexus Pointe Claire,4de8ee23b0fbcb7c9acf2a79,true,.png,https://ss3.4sqi.net/img/categories_v2/shops/automotive_,Automotive,Automotive Shops,Automotive Shop,4bf58dd8d48988d124951735,Montreal,QC,true,H8S 2K9,,,,,,,,,,,
v-1461943867,0,5,7,false,Canada,CA,65524,-73.57396241982372,45.50087293605081,Uniglobe Voyage Lexus,4c9280ca332c3704c2c58864,true,.png,https://ss3.4sqi.net/img/categories_v2/travel/default_,Travel,General Travel,General Travel,4bf58dd8d48988d1f6931735,Montréal,QC,true,,,,,,,,,,,,
v-1461943867,,6,8,true,Canada,CA,73968,-73.66837175908611,45.55361087493876,Spinelli Lexus Lachine,4d059a6ceb582c0f0f227553,true,.png,https://ss3.4sqi.net/img/categories_v2/shops/automotive_,Auto Dealer,Auto Dealerships,Auto Dealership,4eb1c1623b7b52c0e1adc2ec,Lachine,,,,,,,,,,,,,,
v-1461943867,3,12,30,true,Canada,CA,49580,-73.34139452616803,45.57891045445946,Park Avenue Lexus,4c977e9bbc279c74563c6f53,true,.png,https://ss3.4sqi.net/img/categories_v2/shops/automotive_,Automotive,Automotive Shops,Automotive Shop,4bf58dd8d48988d124951735,Sainte-Julie,QC,true,J3E 3R6,http://www.lexusgabriel.com,6th avenue,,,,,,,,,
v-1461943867,1,14,17,false,Canada,CA,56772,-73.76298888826702,45.56591705650835,Lexus Laval,4bf14f29ead3c928a42979ef,true,.png,https://ss3.4sqi.net/img/categories_v2/shops/automotive_,Automotive,Automotive Shops,Automotive Shop,4bf58dd8d48988d124951735,Laval,QC,true,H7T 2W3,,Grand-allée,,,,,,,,,
v-1461943867,4,37,54,false,Canada,CA,59071,-73.65940625159756,45.51404860581956,Lexus Gabriel,4d7e407887003704f4846d99,true,.png,https://ss3.4sqi.net/img/categories_v2/shops/automotive_,Automotive,Automotive Shops,Automotive Shop,4bf58dd8d48988d124951735,Saint-Laurent,QC,true,H4N 3C2,,Peel,,,,,,,,,
v-1461943867,1,14,40,false,Canada,CA,69062,-73.83194142419376,45.46662729718117,Spinelli Lexus Pointe Claire,4de8ee23b0fbcb7c9acf2a79,true,.png,https://ss3.4sqi.net/img/categories_v2/shops/automotive_,Automotive,Automotive Shops,Automotive Shop,4bf58dd8d48988d124951735,Montreal,PQ,true,H9R 1A7,,,,,,,,,,,
v-1461943867,1,18,53,false,Canada,CA,60298,-73.4655978677642,45.4788976457062,Lexus Prestige,4c58230c15a39c74b6963eb9,true,.png,https://ss3.4sqi.net/img/categories_v2/shops/automotive_,Auto Dealer,Auto Dealerships,Auto Dealership,4eb1c1623b7b52c0e1adc2ec,Brossard,QC,true,J4W 1M6,,,,,,,,,,,
v-1461943867,1,6,8,true,Canada,CA,55116,-73.66837175908611,45.55361087493876,Spinelli Lexus Lachine,4d059a6ceb582c0f0f227553,true,.png,https://ss3.4sqi.net/img/categories_v2/shops/automotive_,Auto Dealer,Auto Dealerships,Auto Dealership,4eb1c1623b7b52c0e1adc2ec,Lachine,QC,true,H8S 2K9,,,,,,,,,,,
v-1461943867,,5,7,false,Canada,CA,59548,-73.44924925423531,45.4852346475175,Bar Lexus,50e7ccbee4b05301c780fa31,true,.png,https://ss3.4sqi.net/img/categories_v2/nightlife/pub_,Bar,Bars,Bar,4bf58dd8d48988d116941735,Saint-Hubert,QC,true,,,,,,,,,,,,
v-1461943867,,5,7,false,Canada,CA,58860,-73.57396241982372,45.50087293605081,Uniglobe Voyage Lexus,4c9280ca332c3704c2c58864,true,.png,https://ss3.4sqi.net/img/categories_v2/travel/default_,Travel,General Travel,General Travel,4bf58dd8d48988d1f6931735,Montréal,,,,,,,,,,,,,,
,,,,,,,,,,,,,,,,,,,,,,,,,,,,,,,,,
v-1461943867,7,105,575,false,Canada,CA,64747,-123.07818881484471,49.17404782425434,OpenRoad Lexus Richmond,4df0eb5fd22d43368719a13e,true,.png,https://ss3.4sqi.net/img/categories_v2/shops/automotive_,Auto Dealer,Auto Dealerships,Auto Dealership,4eb1c1623b7b52c0e1adc2ec,Richmond,BC,true,V6V 2M6,http://www.jpautogroup.com,Richmond Auto Mall,,,5569ef26a7c8896abe7bde57,,,,,,
v-1461943867,1,3,5,false,Canada,CA,45700,-123.37258641907684,48.44428793946441,Jim Pattinson Lexus Toyota,54e8c0bb498ea96fc76a2b92,true,.png,https://ss3.4sqi.net/img/categories_v2/shops/automotive_,Auto Dealer,Auto Dealerships,Auto Dealership,4eb1c1623b7b52c0e1adc2ec,Victoria,BC,true,V8T 4N4,http://www.jpautogroup.com,Burnside,,,5569ef26a7c8896abe7bde57,,,,,,
v-1461943867,0,81,160,true,Canada,CA,45728,-123.37133646011353,48.44456117711006,Jim Pattison Toyota Victoria,4b92f585f964a520802a34e3,true,.png,https://ss3.4sqi.net/img/categories_v2/shops/automotive_,Auto Dealer,Auto Dealerships,Auto Dealership,4eb1c1623b7b52c0e1adc2ec,Victoria,BC,true,V7P 3R8,http://www.regencyauto.com,Finlayson Street,,,556f3b89bd6a8104863bd8d3,,,,,,
v-1461943867,,14,28,true,Canada,CA,75412,-123.098065,49.316088,Jim Pattison Lexus Northshore,4d13a77ce3b5224b93669143,true,.png,https://ss3.4sqi.net/img/categories_v2/shops/automotive_,Auto Dealer,Auto Dealerships,Auto Dealership,4eb1c1623b7b52c0e1adc2ec,North Vancouver,BC,true,V6J 5A5,http://www.regencyauto.com,West 6th,,,556f3b89bd6a8104863bd8d3,,,,,,
v-1461943867,,12,24,false,Canada,CA,61544,-123.139615,49.174344,Richmond Lexus,4bd8e5c70115c9b6e6d47580,true,.png,https://ss3.4sqi.net/img/categories_v2/building/default_,Building,Buildings,Building,4bf58dd8d48988d130941735,Richmond,BC,true,V6A 2K9,,Thorton,,,,,,,,,
v-1461943867,,18,23,false,Canada,CA,75397,-123.098065,49.315916,Lexus,4bdc98f92a3a0f476993b3b6,true,.png,https://ss3.4sqi.net/img/categories_v2/shops/automotive_,Automotive,Automotive Shops,Automotive Shop,4bf58dd8d48988d124951735,North Vancouver,BC,true,,,,,,,,,,,,
v-1461943867,,87,487,true,Canada,CA,68909,-123.14546227455138,49.26608231730073,Regency Lexus,4cf55dc86195721e231657c1,true,.png,https://ss3.4sqi.net/img/categories_v2/shops/automotive_,Automotive,Automotive Shops,Automotive Shop,4bf58dd8d48988d124951735,Vancouver,BC,true,,,,,,,,,,,,
v-1461943867,,42,287,true,Canada,CA,71953,-123.09084045255152,49.27209662824801,Regency Lexus,4d430b19946af04db7190a77,true,.png,https://ss3.4sqi.net/img/categories_v2/shops/automotive_,Automotive,Automotive Shops,Automotive Shop,4bf58dd8d48988d124951735,Vancouver,BC,true,,,,,,,,,,,,
v-1461943867,,44,128,false,Canada,CA,85459,-122.83736704588262,49.276812073642574,OpenRoad Lexus Port Moody,4cf94770c671721e0949b618,true,.png,https://ss3.4sqi.net/img/categories_v2/shops/automotive_,Automotive,Automotive Shops,Automotive Shop,4bf58dd8d48988d124951735,Port Moody,BC,,,,,,,,,,,,,
v-1461943867,3,12,30,true,Canada,CA,48975,-73.34139452616803,45.57891045445946,Park Avenue Lexus,4c977e9bbc279c74563c6f53,true,.png,https://ss3.4sqi.net/img/categories_v2/shops/automotive_,Automotive,Automotive Shops,Automotive Shop,4bf58dd8d48988d124951735,Sainte-Julie,QC,true,J3E 3R6,http://www.lexusgabriel.com,Grand-allée,,,,,,,,,
v-1461943867,4,37,54,false,Canada,CA,56055,-73.65940625159756,45.51404860581956,Lexus Gabriel,4d7e407887003704f4846d99,true,.png,https://ss3.4sqi.net/img/categories_v2/shops/automotive_,Automotive,Automotive Shops,Automotive Shop,4bf58dd8d48988d124951735,Saint-Laurent,QC,true,H4N 3C2,,Peel,,,,,,,,,
v-1461943867,1,18,53,false,Canada,CA,43248,-73.4655978677642,45.4788976457062,Lexus Prestige,4c58230c15a39c74b6963eb9,true,.png,https://ss3.4sqi.net/img/categories_v2/shops/automotive_,Auto Dealer,Auto Dealerships,Auto Dealership,4eb1c1623b7b52c0e1adc2ec,Brossard,QC,true,J4W 1M6,,6th avenue,,,,,,,,,
v-1461943867,1,14,40,false,Canada,CA,63363,-73.83194142419376,45.46662729718117,Spinelli Lexus Pointe Claire,4de8ee23b0fbcb7c9acf2a79,true,.png,https://ss3.4sqi.net/img/categories_v2/shops/automotive_,Automotive,Automotive Shops,Automotive Shop,4bf58dd8d48988d124951735,Montreal,PQ,true,H9R 1A7,,,,,,,,,,,
v-1461943867,1,5,7,false,Canada,CA,43120,-73.44924925423531,45.4852346475175,Bar Lexus,50e7ccbee4b05301c780fa31,true,.png,https://ss3.4sqi.net/img/categories_v2/nightlife/pub_,Bar,Bars,Bar,4bf58dd8d48988d116941735,Saint-Hubert,QC,true,H7T 2W3,,,,,,,,,,,
v-1461943867,1,14,17,false,Canada,CA,65881,-73.76298888826702,45.56591705650835,Lexus Laval,4bf14f29ead3c928a42979ef,true,.png,https://ss3.4sqi.net/img/categories_v2/shops/automotive_,Automotive,Automotive Shops,Automotive Shop,4bf58dd8d48988d124951735,Laval,QC,true,H8S 2K9,,,,,,,,,,,
v-1461943867,0,5,7,false,Canada,CA,50405,-73.57396241982372,45.50087293605081,Uniglobe Voyage Lexus,4c9280ca332c3704c2c58864,true,.png,https://ss3.4sqi.net/img/categories_v2/travel/default_,Travel,General Travel,General Travel,4bf58dd8d48988d1f6931735,Montréal,QC,true,,,,,,,,,,,,
v-1461943867,,6,8,true,Canada,CA,59699,-73.66837175908611,45.55361087493876,Spinelli Lexus Lachine,4d059a6ceb582c0f0f227553,true,.png,https://ss3.4sqi.net/img/categories_v2/shops/automotive_,Auto Dealer,Auto Dealerships,Auto Dealership,4eb1c1623b7b52c0e1adc2ec,Lachine,,,,,,,,,,,,,,
v-1461943867,1,86,186,true,Canada,CA,22079,-113.6160720463522,53.5603130467858,Lexus of Edmonton,4b912e29f964a52080a833e3,true,.png,https://ss3.4sqi.net/img/categories_v2/shops/automotive_,Automotive,Automotive Shops,Automotive Shop,4bf58dd8d48988d124951735,Edmonton,AB,true,T5S 2X1,http://www.lexusofedmonton.ca,,,52316158,,,,,,,
v-1461943867,0,26,39,false,Canada,CA,33924,-113.49013392883475,53.42574547678911,Lexus South Pointe,51489981e4b03c1c5770121c,true,.png,https://ss3.4sqi.net/img/categories_v2/shops/automotive_,Auto Dealer,Auto Dealerships,Auto Dealership,4eb1c1623b7b52c0e1adc2ec,Edmonton,AB,true,T6X 0S8,,,,,,,,,,,
v-1461943867,1,26,39,false,Canada,CA,18745,-113.49013392883475,53.42574547678911,Lexus South Pointe,51489981e4b03c1c5770121c,true,.png,https://ss3.4sqi.net/img/categories_v2/shops/automotive_,Auto Dealer,Auto Dealerships,Auto Dealership,4eb1c1623b7b52c0e1adc2ec,Edmonton,AB,true,T6X 0S8,http://www.lexusofedmonton.ca,,,52316158,,,,,,,
v-1461943867,,86,186,true,Canada,CA,33809,-113.6160720463522,53.5603130467858,Lexus of Edmonton,4b912e29f964a52080a833e3,true,.png,https://ss3.4sqi.net/img/categories_v2/shops/automotive_,Automotive,Automotive Shops,Automotive Shop,4bf58dd8d48988d124951735,Edmonton,AB,true,T5S 2X1,,,,,,,,,,,
,,,,,,,,,,,,,,,,,,,,,,,,,,,,,,,,,
,,,,,,,,,,,,,,,,,,,,,,,,,,,,,,,,,
,,,,,,,,,,,,,,,,,,,,,,,,,,,,,,,,,
v-1461943867,1,71,196,true,Canada,CA,47894,-79.44703102111816,43.908421011962936,Lexus of Richmond Hill,4bbcc139a8cf76b096e6b0fd,true,.png,https://ss3.4sqi.net/img/categories_v2/shops/automotive_,Auto Dealer,Auto Dealerships,Auto Dealership,4eb1c1623b7b52c0e1adc2ec,Richmond Hill,ON,true,L4E 3N7,http://www.lexusrh.com,at Gamble Rd.,,42815897,568c4f8e498ec8e3dff565dd,,,,,,
v-1461943867,2,128,244,false,Canada,CA,45935,-79.3491326362128,43.71855197142065,Lexus On The Park,4b994644f964a5206a6f35e3,true,.png,https://ss3.4sqi.net/img/categories_v2/shops/automotive_,Auto Dealer,Auto Dealerships,Auto Dealership,4eb1c1623b7b52c0e1adc2ec,Toronto,ON,true,M3C 2J7,http://www.lexusonthepark.ca,at Eglinton Ave. E,,92127826,,,,,,,
v-1461943867,6,34,109,false,Canada,CA,34951,-79.24154390237265,43.782683479227025,Lexus Canada,4c488b801ddec92897eea032,true,.png,https://ss3.4sqi.net/img/categories_v2/building/default_,Office,Offices,Office,4bf58dd8d48988d124941735,Toronto,ON,true,L3R 1G9,http://www.dvnlexus.com,btwn Woodbine& Victoria Park Ave.,,91440561,,,,,,,
v-1461943867,1,182,1165,false,Canada,CA,41466,-79.34577735130179,43.81511130003153,Don Valley North Lexus,4bd1be6f9854d13ab312fa4d,true,.png,https://ss3.4sqi.net/img/categories_v2/shops/automotive_,Auto Dealer,Auto Dealerships,Auto Dealership,4eb1c1623b7b52c0e1adc2ec,Markham,ON,true,M6N 1K8,http://www.kenshawlexus.com,Runnymede Rd,,75162923,,,,,,,
v-1461943867,3,58,120,false,Canada,CA,49882,-79.35701982865113,43.66146083090424,Lexus Downtown,4f073822e4b0aa2dc50f8015,true,.png,https://ss3.4sqi.net/img/categories_v2/shops/automotive_,Auto Dealer,Auto Dealerships,Auto Dealership,4eb1c1623b7b52c0e1adc2ec,Toronto,ON,true,M6N 1K8,http://www.kenshaw.com,at Runnymede Rd.,,,,,,,,,
v-1461943867,2,2,2,true,Canada,CA,57690,-79.47899311015776,43.67009970401227,Ken Shaw Lexus,53e38acd498e23caea68cb8b,true,.png,https://ss3.4sqi.net/img/categories_v2/shops/automotive_,Auto Dealer,Auto Dealerships,Auto Dealership,4eb1c1623b7b52c0e1adc2ec,Toronto,ON,true,14226,http://www.northtownlexus.com,at Getzville Rd.,,,,,,,,,
v-1461943867,2,63,114,true,Canada,CA,57720,-79.479292,43.669932,Ken Shaw Toyota Scion,4afb522bf964a520ec1c22e3,true,.png,https://ss3.4sqi.net/img/categories_v2/shops/automotive_,Auto Dealer,Auto Dealerships,Auto Dealership,4eb1c1623b7b52c0e1adc2ec,Toronto,ON,true,L6S 5X6,http://www.northwestlexus.com,Lake St. & YMCA Dr.,,,,,,,,,
v-1461943867,1,118,335,true,United States,US,104893,-78.79111896760759,42.97869040542814,Northtown Lexus,4e14793ca809548274abf384,true,.png,https://ss3.4sqi.net/img/categories_v2/shops/automotive_,Auto Dealer,Auto Dealerships,Auto Dealership,4eb1c1623b7b52c0e1adc2ec,Amherst,NY,true,L5L,,,,,,,,,,,
v-1461943867,,46,112,true,Canada,CA,71658,-79.705186,43.736267,Northwest Lexus,4bf6e0edb182c9b62aad745a,true,.png,https://ss3.4sqi.net/img/categories_v2/shops/automotive_,Auto Dealer,Auto Dealerships,Auto Dealership,4eb1c1623b7b52c0e1adc2ec,Brampton,ON,true,L4N 9E8,,,,,,,,,,,
v-1461943867,,8,9,false,Canada,CA,81585,-79.73357667541175,43.55995476306546,Lexus Booth Auto Show,4d5d9ee3241a721e56dfe32e,true,.png,https://ss3.4sqi.net/img/categories_v2/arts_entertainment/default_,Entertainment,General Entertainment,General Entertainment,4bf58dd8d48988d1f1931735,Mississauga,ON,true,L2R,,,,,,,,,,,
v-1461943867,,81,220,false,Canada,CA,79260,-79.675861,43.531689,Erin Park Lexus,4be85e4dc5220f4764a7a9ca,true,.png,https://ss3.4sqi.net/img/categories_v2/shops/automotive_,Automotive,Automotive Shops,Automotive Shop,4bf58dd8d48988d124951735,Barrie,ON,true,,,,,,,,,,,,
v-1461943867,,4,12,false,Canada,CA,82484,-79.71025228500366,44.32955831484278,Lexus of Barrie,4f16fd01d5fb04999ed0c939,true,.png,https://ss3.4sqi.net/img/categories_v2/shops/automotive_,Auto Dealer,Auto Dealerships,Auto Dealership,4eb1c1623b7b52c0e1adc2ec,Oakville,ON,true,,,,,,,,,,,,
v-1461943867,,42,161,false,Canada,CA,91124,-79.73426132258498,43.40918875494086,Lexus of Oakville,4ba8f07ef964a520fafb39e3,true,.png,https://ss3.4sqi.net/img/categories_v2/shops/automotive_,Auto Dealer,Auto Dealerships,Auto Dealership,4eb1c1623b7b52c0e1adc2ec,Oakville,ON,true,,,,,,,,,,,,
v-1461943867,,2,2,false,Canada,CA,85689,-79.69146901804496,43.44855885689155,Oakville Lexus,4c96ad5772dd224b7596ae91,true,.png,https://ss3.4sqi.net/img/categories_v2/shops/automotive_,Auto Dealer,Auto Dealerships,Auto Dealership,4eb1c1623b7b52c0e1adc2ec,St. Catharines,ON,,,,,,,,,,,,,
v-1461943867,,36,112,false,Canada,CA,88544,-79.25076718192497,43.17951695743493,Performance Lexus-Toyota,4c6fefc7d7fab1f7bec15cc9,true,.png,https://ss3.4sqi.net/img/categories_v2/shops/automotive_,Auto Dealer,Auto Dealerships,Auto Dealership,4eb1c1623b7b52c0e1adc2ec,,,,,,,,,,,,,,,
v-1461943867,2,42,161,false,Canada,CA,21513,-79.73426132258498,43.40918875494086,Lexus of Oakville,4ba8f07ef964a520fafb39e3,true,.png,https://ss3.4sqi.net/img/categories_v2/shops/automotive_,Auto Dealer,Auto Dealerships,Auto Dealership,4eb1c1623b7b52c0e1adc2ec,Oakville,ON,true,L5L,http://www.lexusrh.com,at Gamble Rd.,,42815897,568c4f8e498ec8e3dff565dd,,,,,,
v-1461943867,1,2,2,false,Canada,CA,25459,-79.69146901804496,43.44855885689155,Oakville Lexus,4c96ad5772dd224b7596ae91,true,.png,https://ss3.4sqi.net/img/categories_v2/shops/automotive_,Auto Dealer,Auto Dealerships,Auto Dealership,4eb1c1623b7b52c0e1adc2ec,Oakville,ON,true,L4E 3N7,http://www.lexusonthepark.ca,Lake St. & YMCA Dr.,,92127826,,,,,,,
v-1461943867,1,81,220,false,Canada,CA,34698,-79.675861,43.531689,Erin Park Lexus,4be85e4dc5220f4764a7a9ca,true,.png,https://ss3.4sqi.net/img/categories_v2/shops/automotive_,Automotive,Automotive Shops,Automotive Shop,4bf58dd8d48988d124951735,Mississauga,ON,true,L2R,http://www.northtownlexus.com,at Eglinton Ave. E,,34852477,,,,,,,
v-1461943867,2,8,9,false,Canada,CA,38090,-79.73357667541175,43.55995476306546,Lexus Booth Auto Show,4d5d9ee3241a721e56dfe32e,true,.png,https://ss3.4sqi.net/img/categories_v2/arts_entertainment/default_,Entertainment,General Entertainment,General Entertainment,4bf58dd8d48988d1f1931735,Richmond Hill,ON,true,M3C 2J7,http://www.kenshawlexus.com,at Getzville Rd.,,75162923,,,,,,,
v-1461943867,3,71,196,true,Canada,CA,78904,-79.44703102111816,43.908421011962936,Lexus of Richmond Hill,4bbcc139a8cf76b096e6b0fd,true,.png,https://ss3.4sqi.net/img/categories_v2/shops/automotive_,Auto Dealer,Auto Dealerships,Auto Dealership,4eb1c1623b7b52c0e1adc2ec,St. Catharines,ON,true,14226,http://www.heffner.ca,Runnymede Rd,,91440561,,,,,,,
v-1461943867,1,36,112,false,Canada,CA,35121,-79.25076718192497,43.17951695743493,Performance Lexus-Toyota,4c6fefc7d7fab1f7bec15cc9,true,.png,https://ss3.4sqi.net/img/categories_v2/shops/automotive_,Auto Dealer,Auto Dealerships,Auto Dealership,4eb1c1623b7b52c0e1adc2ec,Toronto,ON,true,M6N 1K8,http://www.northwestlexus.com,at Runnymede Rd.,,,,,,,,,
v-1461943867,7,128,244,false,Canada,CA,61599,-79.3491326362128,43.71855197142065,Lexus On The Park,4b994644f964a5206a6f35e3,true,.png,https://ss3.4sqi.net/img/categories_v2/shops/automotive_,Auto Dealer,Auto Dealerships,Auto Dealership,4eb1c1623b7b52c0e1adc2ec,Amherst,NY,true,N2A 1B1,http://www.kenshaw.com,btwn Woodbine& Victoria Park Ave.,,,,,,,,,
v-1461943867,2,118,335,true,United States,US,77081,-78.79111896760759,42.97869040542814,Northtown Lexus,4e14793ca809548274abf384,true,.png,https://ss3.4sqi.net/img/categories_v2/shops/automotive_,Auto Dealer,Auto Dealerships,Auto Dealership,4eb1c1623b7b52c0e1adc2ec,Toronto,ON,true,L6S 5X6,http://www.dvnlexus.com,,,,,,,,,,
v-1461943867,1,58,120,false,Canada,CA,55646,-79.35701982865113,43.66146083090424,Lexus Downtown,4f073822e4b0aa2dc50f8015,true,.png,https://ss3.4sqi.net/img/categories_v2/shops/automotive_,Auto Dealer,Auto Dealerships,Auto Dealership,4eb1c1623b7b52c0e1adc2ec,Toronto,ON,true,M6N 1K8,,,,,,,,,,,
v-1461943867,2,2,2,true,Canada,CA,52672,-79.47899311015776,43.67009970401227,Ken Shaw Lexus,53e38acd498e23caea68cb8b,true,.png,https://ss3.4sqi.net/img/categories_v2/shops/automotive_,Auto Dealer,Auto Dealerships,Auto Dealership,4eb1c1623b7b52c0e1adc2ec,Cambridge,ON,true,14203,,,,,,,,,,,
v-1461943867,6,22,670,false,Canada,CA,60024,-80.37016306269201,43.41651810859746,TMMC Lexus Plant,519be85a498e5dbd9cfdb03d,true,.png,https://ss3.4sqi.net/img/categories_v2/building/factory_,Factory,Factories,Factory,4eb1bea83b7b6f98df247e06,Kitchener,ON,true,L3R 1G9,,,,,,,,,,,
v-1461943867,,173,1157,true,Canada,CA,64841,-80.42846202850342,43.426899746672966,Heffner Toyota Lexus,4b92c14bf964a520b41834e3,true,.png,https://ss3.4sqi.net/img/categories_v2/shops/automotive_,Auto Dealer,Auto Dealerships,Auto Dealership,4eb1c1623b7b52c0e1adc2ec,Brampton,ON,true,,,,,,,,,,,,
v-1461943867,,46,112,true,Canada,CA,57506,-79.705186,43.736267,Northwest Lexus,4bf6e0edb182c9b62aad745a,true,.png,https://ss3.4sqi.net/img/categories_v2/shops/automotive_,Auto Dealer,Auto Dealerships,Auto Dealership,4eb1c1623b7b52c0e1adc2ec,Toronto,ON,true,,,,,,,,,,,,
v-1461943867,,63,114,true,Canada,CA,52647,-79.479292,43.669932,Ken Shaw Toyota Scion,4afb522bf964a520ec1c22e3,true,.png,https://ss3.4sqi.net/img/categories_v2/shops/automotive_,Auto Dealer,Auto Dealerships,Auto Dealership,4eb1c1623b7b52c0e1adc2ec,Toronto,ON,true,,,,,,,,,,,,
v-1461943867,,34,109,false,Canada,CA,71950,-79.24154390237265,43.782683479227025,Lexus Canada,4c488b801ddec92897eea032,true,.png,https://ss3.4sqi.net/img/categories_v2/building/default_,Office,Offices,Office,4bf58dd8d48988d124941735,Kitchener,ON,,,,,,,,,,,,,
v-1461943867,,5,22,false,Canada,CA,65093,-80.427934,43.434269,Toyota Lexus,4e0a2bb4d4c03ae0b9dcc65a,true,.png,https://ss3.4sqi.net/img/categories_v2/food/default_,American,American Restaurants,American Restaurant,4bf58dd8d48988d14e941735,Buffalo,NY,,,,,,,,,,,,,
v-1461943867,,181,406,false,United States,US,75740,-78.87706271280089,42.8755702202972,The Lexus Club,52572587498e103bdb64dcab,true,.png,https://ss3.4sqi.net/img/categories_v2/shops/automotive_,Auto Dealer,Auto Dealerships,Auto Dealership,4eb1c1623b7b52c0e1adc2ec,Markham,ON,,,,,,,,,,,,,
v-1461943867,,182,1165,false,Canada,CA,71530,-79.34577735130179,43.81511130003153,Don Valley North Lexus,4bd1be6f9854d13ab312fa4d,,,,,,,,,,,,,,,,,,,,,,
,,,,,,,,,,,,,,,,,,,,,,,,,,,,,,,,,
,,,,,,,,,,,,,,,,,,,,,,,,,,,,,,,,,
,,,,,,,,,,,,,,,,,,,,,,,,,,,,,,,,,
,,,,,,,,,,,,,,,,,,,,,,,,,,,,,,,,,
,,,,,,,,,,,,,,,,,,,,,,,,,,,,,,,,,
,,,,,,,,,,,,,,,,,,,,,,,,,,,,,,,,,
v-1461943867,4,98,723,true,United States,US,71982,-83.00097942352295,42.627533359263175,Meade Lexus of Lakeside,4c37100d3849c9285afbbcb1,true,.png,https://ss3.4sqi.net/img/categories_v2/shops/automotive_,Automotive,Automotive Shops,Automotive Shop,4bf58dd8d48988d124951735,Utica,MI,true,48315,http://www.lexusoflakeside.com,W Twelve Mile Rd.,,137692302,5568ec3fa7c8a9cf8ec381c7,,,,,,
v-1461943867,16,157,468,true,United States,US,92925,-83.2966661453247,42.496965,Meade Lexus of Southfield,4b1ec0ccf964a520fa1e24e3,true,.png,https://ss3.4sqi.net/img/categories_v2/shops/automotive_,Automotive,Automotive Shops,Automotive Shop,4bf58dd8d48988d124951735,Southfield,MI,true,48034,http://www.lexusofsouthfield.com,Level 1,,137692305,5568ec3fa7c8a9cf8ec381c7,,,,,,
v-1461943867,2,12,42,false,Canada,CA,63103,-82.9244954440034,42.317016579669136,Eastway Toyota Lexus,4c8f99121992a1cdcd33e7fb,true,.png,https://ss3.4sqi.net/img/categories_v2/shops/automotive_,Automotive,Automotive Shops,Automotive Shop,4bf58dd8d48988d124951735,Windsor,ON,true,48315,http://www.metrolexus.com/#B2Lq4,,,55023544,,,,,,,
v-1461943867,1,1,2,false,United States,US,71167,-82.99420236869642,42.619240647477135,Meade Lexus "It's Your Turn" Certified Pre-Owned Sales Event,517ac112e4b0583090f59ad8,true,.png,https://ss3.4sqi.net/img/categories_v2/shops/automotive_,Auto Dealer,Auto Dealerships,Auto Dealership,4eb1c1623b7b52c0e1adc2ec,Utica,MI,true,44135,http://www.nba.com/cavaliers/premium/platinum-lounge,,,,,,,,,,
v-1461943867,5,190,949,true,United States,US,115748,-81.787603,41.41989,Metro Lexus,4c53376872cf0f47286881d2,true,.png,https://ss3.4sqi.net/img/categories_v2/shops/automotive_,Auto Dealer,Auto Dealerships,Auto Dealership,4eb1c1623b7b52c0e1adc2ec,Cleveland,OH,true,44115,,,,,,,,,,,
v-1461943867,2,57,176,false,United States,US,93129,-83.27392101287842,42.61457010399976,Lexus Medical Building,4c2a41d88abca593e463fe1f,true,.png,https://ss3.4sqi.net/img/categories_v2/building/medical_,Medical,Medical Centers,Medical Center,4bf58dd8d48988d104941735,Pontiac,MI,true,,,,,,,,,,,,
v-1461943867,0,24,160,false,Canada,CA,93867,-81.263213,42.936363,Lexus Of London,4be5d4462457a5930214ac15,true,.png,https://ss3.4sqi.net/img/categories_v2/shops/automotive_,Automotive,Automotive Shops,Automotive Shop,4bf58dd8d48988d124951735,London,ON,true,,,,,,,,,,,,
v-1461943867,,95,244,false,United States,US,110232,-81.6889500617981,41.49662106775048,Lexus Lounge & Suites,4b6a0b5ff964a520dcc32be3,true,.png,https://ss3.4sqi.net/img/categories_v2/nightlife/default_,Lounge,Lounges,Lounge,4bf58dd8d48988d121941735,Cleveland,OH,,,,,,,,,,,,,
v-1461943867,1,15,19,false,Canada,CA,112939,-71.27323354552955,46.832542675725506,Automobile Boulevard Lexus,4c2b71c52219c9285694a448,true,.png,https://ss3.4sqi.net/img/categories_v2/shops/automotive_,Automotive,Automotive Shops,Automotive Shop,4bf58dd8d48988d124951735,Québec,QC,true,G1M 3G2,,,,,,,,,,,
,,,,,,,,,,,,,,,,,,,,,,,,,,,,,,,,,
,,,,,,,,,,,,,,,,,,,,,,,,,,,,,,,,,
v-1461943867,1,22,670,false,Canada,CA,14035,-80.37016306269201,43.41651810859746,TMMC Lexus Plant,519be85a498e5dbd9cfdb03d,true,.png,https://ss3.4sqi.net/img/categories_v2/building/factory_,Factory,Factories,Factory,4eb1bea83b7b6f98df247e06,Cambridge,ON,true,N2A 1B1,http://www.heffner.ca,at Gamble Rd.,,34852477,568c4f8e498ec8e3dff565dd,,,,,,
v-1461943867,7,173,1157,true,Canada,CA,17265,-80.42846202850342,43.426899746672966,Heffner Toyota Lexus,4b92c14bf964a520b41834e3,true,.png,https://ss3.4sqi.net/img/categories_v2/shops/automotive_,Auto Dealer,Auto Dealerships,Auto Dealership,4eb1c1623b7b52c0e1adc2ec,Kitchener,ON,true,L4E 3N7,http://www.lexusrh.com,at Eglinton Ave. E,,42815897,,,,,,,
v-1461943867,1,5,22,false,Canada,CA,16854,-80.427934,43.434269,Toyota Lexus,4e0a2bb4d4c03ae0b9dcc65a,true,.png,https://ss3.4sqi.net/img/categories_v2/shops/automotive_,Auto Dealer,Auto Dealerships,Auto Dealership,4eb1c1623b7b52c0e1adc2ec,Kitchener,ON,true,L5L,http://www.lexusonthepark.ca,Runnymede Rd,,75162923,,,,,,,
v-1461943867,2,71,196,true,Canada,CA,78352,-79.44703102111816,43.908421011962936,Lexus of Richmond Hill,4bbcc139a8cf76b096e6b0fd,true,.png,https://ss3.4sqi.net/img/categories_v2/shops/automotive_,Auto Dealer,Auto Dealerships,Auto Dealership,4eb1c1623b7b52c0e1adc2ec,Richmond Hill,ON,true,M3C 2J7,http://www.northwestlexus.com,at Runnymede Rd.,,92127826,,,,,,,
v-1461943867,2,42,161,false,Canada,CA,42099,-79.73426132258498,43.40918875494086,Lexus of Oakville,4ba8f07ef964a520fafb39e3,true,.png,https://ss3.4sqi.net/img/categories_v2/arts_entertainment/default_,Entertainment,General Entertainment,General Entertainment,4bf58dd8d48988d1f1931735,Oakville,ON,true,L6S 5X6,http://www.kenshawlexus.com,btwn Woodbine& Victoria Park Ave.,,91440561,,,,,,,
v-1461943867,2,8,9,false,Canada,CA,41413,-79.73357667541175,43.55995476306546,Lexus Booth Auto Show,4d5d9ee3241a721e56dfe32e,true,.png,https://ss3.4sqi.net/img/categories_v2/shops/automotive_,Automotive,Automotive Shops,Automotive Shop,4bf58dd8d48988d124951735,Mississauga,ON,true,M6N 1K8,http://www.kenshaw.com,Lake St. & YMCA Dr.,,,,,,,,,
v-1461943867,1,81,220,false,Canada,CA,45677,-79.675861,43.531689,Erin Park Lexus,4be85e4dc5220f4764a7a9ca,true,.png,https://ss3.4sqi.net/img/categories_v2/shops/automotive_,Auto Dealer,Auto Dealerships,Auto Dealership,4eb1c1623b7b52c0e1adc2ec,Oakville,ON,true,M6N 1K8,http://www.dvnlexus.com,,,,,,,,,,
v-1461943867,6,2,2,false,Canada,CA,44679,-79.69146901804496,43.44855885689155,Oakville Lexus,4c96ad5772dd224b7596ae91,true,.png,https://ss3.4sqi.net/img/categories_v2/shops/automotive_,Auto Dealer,Auto Dealerships,Auto Dealership,4eb1c1623b7b52c0e1adc2ec,Toronto,ON,true,L3R 1G9,,,,,,,,,,,
v-1461943867,1,128,244,false,Canada,CA,75814,-79.3491326362128,43.71855197142065,Lexus On The Park,4b994644f964a5206a6f35e3,true,.png,https://ss3.4sqi.net/img/categories_v2/shops/automotive_,Auto Dealer,Auto Dealerships,Auto Dealership,4eb1c1623b7b52c0e1adc2ec,Brampton,ON,true,L2R,,,,,,,,,,,
v-1461943867,2,46,112,true,Canada,CA,50491,-79.705186,43.736267,Northwest Lexus,4bf6e0edb182c9b62aad745a,true,.png,https://ss3.4sqi.net/img/categories_v2/shops/automotive_,Auto Dealer,Auto Dealerships,Auto Dealership,4eb1c1623b7b52c0e1adc2ec,Toronto,ON,true,L4N 9E8,,,,,,,,,,,
v-1461943867,,2,2,true,Canada,CA,64217,-79.47899311015776,43.67009970401227,Ken Shaw Lexus,53e38acd498e23caea68cb8b,true,.png,https://ss3.4sqi.net/img/categories_v2/shops/automotive_,Auto Dealer,Auto Dealerships,Auto Dealership,4eb1c1623b7b52c0e1adc2ec,Toronto,ON,true,,,,,,,,,,,,
v-1461943867,,58,120,false,Canada,CA,73436,-79.35701982865113,43.66146083090424,Lexus Downtown,4f073822e4b0aa2dc50f8015,true,.png,https://ss3.4sqi.net/img/categories_v2/shops/automotive_,Auto Dealer,Auto Dealerships,Auto Dealership,4eb1c1623b7b52c0e1adc2ec,Toronto,ON,true,,,,,,,,,,,,
v-1461943867,,63,114,true,Canada,CA,64189,-79.479292,43.669932,Ken Shaw Toyota Scion,4afb522bf964a520ec1c22e3,true,.png,https://ss3.4sqi.net/img/categories_v2/shops/automotive_,Auto Dealer,Auto Dealerships,Auto Dealership,4eb1c1623b7b52c0e1adc2ec,Markham,ON,true,,,,,,,,,,,,
v-1461943867,,182,1165,false,Canada,CA,80105,-79.34577735130179,43.81511130003153,Don Valley North Lexus,4bd1be6f9854d13ab312fa4d,true,.png,https://ss3.4sqi.net/img/categories_v2/building/default_,Office,Offices,Office,4bf58dd8d48988d124941735,Toronto,ON,true,,,,,,,,,,,,
v-1461943867,,34,109,false,Canada,CA,86369,-79.24154390237265,43.782683479227025,Lexus Canada,4c488b801ddec92897eea032,true,.png,https://ss3.4sqi.net/img/categories_v2/shops/automotive_,Auto Dealer,Auto Dealerships,Auto Dealership,4eb1c1623b7b52c0e1adc2ec,St. Catharines,ON,,,,,,,,,,,,,
v-1461943867,,36,112,false,Canada,CA,87675,-79.25076718192497,43.17951695743493,Performance Lexus-Toyota,4c6fefc7d7fab1f7bec15cc9,true,.png,https://ss3.4sqi.net/img/categories_v2/shops/automotive_,Auto Dealer,Auto Dealerships,Auto Dealership,4eb1c1623b7b52c0e1adc2ec,Barrie,ON,,,,,,,,,,,,,
v-1461943867,,4,12,false,Canada,CA,101647,-79.71025228500366,44.32955831484278,Lexus of Barrie,4f16fd01d5fb04999ed0c939,true,.png,https://ss3.4sqi.net/img/categories_v2/shops/automotive_,Automotive,Automotive Shops,Automotive Shop,4bf58dd8d48988d124951735,London,ON,,,,,,,,,,,,,
v-1461943867,,24,160,false,Canada,CA,104050,-81.263213,42.936363,Lexus Of London,4be5d4462457a5930214ac15,,,,,,,,,,,,,,,,,,,,,,
v-1461943867,1,14,74,false,Canada,CA,10441,-66.037796,45.30004,Lexus Of Saint John,4cd2cb5f158c5481a0fbb0e4,true,.png,https://ss3.4sqi.net/img/categories_v2/shops/automotive_,Automotive,Automotive Shops,Automotive Shop,4bf58dd8d48988d124951735,Saint John,NB,true,,,,,,,,,,,,
,,,,,,,,,,,,,,,,,,,,,,,,,,,,,,,,,
,,,,,,,,,,,,,,,,,,,,,,,,,,,,,,,,,
,,,,,,,,,,,,,,,,,,,,,,,,,,,,,,,,,
v-1461943867,2,39,110,false,Canada,CA,81042,-75.512449,45.479201,Lexus Restaurant,4be2db8cf07b0f47015af643,true,.png,https://ss3.4sqi.net/img/categories_v2/food/default_,Restaurant,Restaurants,Restaurant,4bf58dd8d48988d1c4941735,Orléans,ON,true,K1E 3V7,http://www.lexus-resto-bar.com,St. Laurent Blvd.,,,556e5c59bd6a82902e297441,,,,,,
v-1461943867,4,14,40,false,Canada,CA,84900,-73.83194142419376,45.46662729718117,Spinelli Lexus Pointe Claire,4de8ee23b0fbcb7c9acf2a79,true,.png,https://ss3.4sqi.net/img/categories_v2/shops/automotive_,Automotive,Automotive Shops,Automotive Shop,4bf58dd8d48988d124951735,Montreal,PQ,true,H9R 1A7,http://www.belairteam.ca,just down the road from Tony Graham Scion Toyota,,,556e5c59bd6a82902e297441,,,,,,
v-1461943867,1,46,583,false,Canada,CA,86482,-75.644813,45.432412,Bel-Air Lexus Toyota,4b72a4b6f964a520c6812de3,true,.png,https://ss3.4sqi.net/img/categories_v2/shops/automotive_,Auto Dealer,Auto Dealerships,Auto Dealership,4eb1c1623b7b52c0e1adc2ec,Ottawa,ON,true,K1K 1G4,http://www.lexusgabriel.com,at West Hunt Club,,,568c4f8e498ec8e3dff565dd,,,,,,
v-1461943867,4,14,17,false,Canada,CA,95878,-73.76298888826702,45.56591705650835,Lexus Laval,4bf14f29ead3c928a42979ef,true,.png,https://ss3.4sqi.net/img/categories_v2/shops/automotive_,Automotive,Automotive Shops,Automotive Shop,4bf58dd8d48988d124951735,Laval,QC,true,H7T 2W3,http://www.tonygraham.com,6th avenue,,,,,,,,,
v-1461943867,3,37,54,false,Canada,CA,98991,-73.65940625159756,45.51404860581956,Lexus Gabriel,4d7e407887003704f4846d99,true,.png,https://ss3.4sqi.net/img/categories_v2/shops/automotive_,Automotive,Automotive Shops,Automotive Shop,4bf58dd8d48988d124951735,Saint-Laurent,QC,true,H4N 3C2,http://www.tonygraham.com,Peel,,,,,,,,,
v-1461943867,1,6,10,false,Canada,CA,80992,-75.51215446736916,45.47874931316809,Lexus Resto-Bar,52991f6f11d221b956ce108e,true,.png,https://ss3.4sqi.net/img/categories_v2/food/default_,Restaurant,Restaurants,Restaurant,4bf58dd8d48988d1c4941735,Orléans,ON,true,K2E 1A6,,Grand-allée,,,,,,,,,
v-1461943867,3,2,5,false,Canada,CA,86425,-75.71431761721091,45.33876630532782,Lexus Service,501a836ce4b089ae39429cd7,true,.png,https://ss3.4sqi.net/img/categories_v2/shops/automotive_,Auto Dealer,Auto Dealerships,Auto Dealership,4eb1c1623b7b52c0e1adc2ec,Ottawa,ON,true,K2G 1E3,,,,,,,,,,,
v-1461943867,1,14,36,true,Canada,CA,86428,-75.7139539718628,45.33940178132262,Tony Graham Lexus,4e285317152078c77b076951,true,.png,https://ss3.4sqi.net/img/categories_v2/shops/automotive_,Automotive,Automotive Shops,Automotive Shop,4bf58dd8d48988d124951735,Ottawa,ON,true,J4W 1M6,,,,,,,,,,,
v-1461943867,1,101,215,true,Canada,CA,86950,-75.72330884875858,45.33610182980659,Tony Graham Scion Toyota,4b6758d0f964a52080492be3,true,.png,https://ss3.4sqi.net/img/categories_v2/shops/automotive_,Auto Dealer,Auto Dealerships,Auto Dealership,4eb1c1623b7b52c0e1adc2ec,Brossard,QC,true,H8S 2K9,,,,,,,,,,,
v-1461943867,,18,53,false,Canada,CA,110092,-73.4655978677642,45.4788976457062,Lexus Prestige,4c58230c15a39c74b6963eb9,true,.png,https://ss3.4sqi.net/img/categories_v2/shops/automotive_,Auto Dealer,Auto Dealerships,Auto Dealership,4eb1c1623b7b52c0e1adc2ec,Lachine,QC,true,J3E 3R6,,,,,,,,,,,
v-1461943867,,6,8,true,Canada,CA,100912,-73.66837175908611,45.55361087493876,Spinelli Lexus Lachine,4d059a6ceb582c0f0f227553,true,.png,https://ss3.4sqi.net/img/categories_v2/shops/automotive_,Auto Dealer,Auto Dealerships,Auto Dealership,4eb1c1623b7b52c0e1adc2ec,Sainte-Julie,QC,true,,,,,,,,,,,,
v-1461943867,,12,30,true,Canada,CA,123913,-73.34139452616803,45.57891045445946,Park Avenue Lexus,4c977e9bbc279c74563c6f53,true,.png,https://ss3.4sqi.net/img/categories_v2/shops/automotive_,Automotive,Automotive Shops,Automotive Shop,4bf58dd8d48988d124951735,Montréal,QC,true,,,,,,,,,,,,
v-1461943867,,5,7,false,Canada,CA,103869,-73.57396241982372,45.50087293605081,Uniglobe Voyage Lexus,4c9280ca332c3704c2c58864,true,.png,https://ss3.4sqi.net/img/categories_v2/travel/default_,Travel,General Travel,General Travel,4bf58dd8d48988d1f6931735,Saint-Hubert,,true,,,,,,,,,,,,
v-1461943867,,5,7,false,Canada,CA,111549,-73.44924925423531,45.4852346475175,Bar Lexus,50e7ccbee4b05301c780fa31,true,.png,https://ss3.4sqi.net/img/categories_v2/nightlife/pub_,Bar,Bars,Bar,4bf58dd8d48988d116941735,,,,,,,,,,,,,,,
v-1461943867,3,12,30,true,Canada,CA,77955,-73.34139452616803,45.57891045445946,Park Avenue Lexus,4c977e9bbc279c74563c6f53,true,.png,https://ss3.4sqi.net/img/categories_v2/shops/automotive_,Automotive,Automotive Shops,Automotive Shop,4bf58dd8d48988d124951735,Sainte-Julie,QC,true,J3E 3R6,http://www.lexusgabriel.com,Grand-allée,,,,,,,,,
v-1461943867,4,37,54,false,Canada,CA,103722,-73.65940625159756,45.51404860581956,Lexus Gabriel,4d7e407887003704f4846d99,true,.png,https://ss3.4sqi.net/img/categories_v2/shops/automotive_,Automotive,Automotive Shops,Automotive Shop,4bf58dd8d48988d124951735,Saint-Laurent,QC,true,H4N 3C2,,Peel,,,,,,,,,
v-1461943867,1,18,53,false,Canada,CA,91201,-73.4655978677642,45.4788976457062,Lexus Prestige,4c58230c15a39c74b6963eb9,true,.png,https://ss3.4sqi.net/img/categories_v2/shops/automotive_,Auto Dealer,Auto Dealerships,Auto Dealership,4eb1c1623b7b52c0e1adc2ec,Brossard,QC,true,J4W 1M6,,6th avenue,,,,,,,,,
v-1461943867,1,5,7,false,Canada,CA,89746,-73.44924925423531,45.4852346475175,Bar Lexus,50e7ccbee4b05301c780fa31,true,.png,https://ss3.4sqi.net/img/categories_v2/nightlife/pub_,Bar,Bars,Bar,4bf58dd8d48988d116941735,Saint-Hubert,QC,true,H8S 2K9,,,,,,,,,,,
v-1461943867,1,5,7,false,Canada,CA,98000,-73.57396241982372,45.50087293605081,Uniglobe Voyage Lexus,4c9280ca332c3704c2c58864,true,.png,https://ss3.4sqi.net/img/categories_v2/travel/default_,Travel,General Travel,General Travel,4bf58dd8d48988d1f6931735,Montréal,QC,true,,,,,,,,,,,,
v-1461943867,0,6,8,true,Canada,CA,102995,-73.66837175908611,45.55361087493876,Spinelli Lexus Lachine,4d059a6ceb582c0f0f227553,true,.png,https://ss3.4sqi.net/img/categories_v2/shops/automotive_,Auto Dealer,Auto Dealerships,Auto Dealership,4eb1c1623b7b52c0e1adc2ec,Lachine,,,,,,,,,,,,,,
,,,,,,,,,,,,,,,,,,,,,,,,,,,,,,,,,
v-1461943867,3,12,30,true,Canada,CA,32113,-73.34139452616803,45.57891045445946,Park Avenue Lexus,4c977e9bbc279c74563c6f53,true,.png,https://ss3.4sqi.net/img/categories_v2/shops/automotive_,Automotive,Automotive Shops,Automotive Shop,4bf58dd8d48988d124951735,Sainte-Julie,QC,true,J3E 3R6,http://www.lexusgabriel.com,Grand-allée,,,,,,,,,
v-1461943867,4,37,54,false,Canada,CA,57922,-73.65940625159756,45.51404860581956,Lexus Gabriel,4d7e407887003704f4846d99,true,.png,https://ss3.4sqi.net/img/categories_v2/shops/automotive_,Automotive,Automotive Shops,Automotive Shop,4bf58dd8d48988d124951735,Saint-Laurent,QC,true,H4N 3C2,,Peel,,,,,,,,,
v-1461943867,1,18,53,false,Canada,CA,45460,-73.4655978677642,45.4788976457062,Lexus Prestige,4c58230c15a39c74b6963eb9,true,.png,https://ss3.4sqi.net/img/categories_v2/shops/automotive_,Auto Dealer,Auto Dealerships,Auto Dealership,4eb1c1623b7b52c0e1adc2ec,Brossard,QC,true,J4W 1M6,,6th avenue,,,,,,,,,
v-1461943867,1,14,17,false,Canada,CA,64351,-73.76298888826702,45.56591705650835,Lexus Laval,4bf14f29ead3c928a42979ef,true,.png,https://ss3.4sqi.net/img/categories_v2/shops/automotive_,Automotive,Automotive Shops,Automotive Shop,4bf58dd8d48988d124951735,Laval,QC,true,H7T 2W3,,,,,,,,,,,
v-1461943867,1,5,7,false,Canada,CA,44002,-73.44924925423531,45.4852346475175,Bar Lexus,50e7ccbee4b05301c780fa31,true,.png,https://ss3.4sqi.net/img/categories_v2/nightlife/pub_,Bar,Bars,Bar,4bf58dd8d48988d116941735,Saint-Hubert,PQ,true,H9R 1A7,,,,,,,,,,,
v-1461943867,1,14,40,false,Canada,CA,72361,-73.83194142419376,45.46662729718117,Spinelli Lexus Pointe Claire,4de8ee23b0fbcb7c9acf2a79,true,.png,https://ss3.4sqi.net/img/categories_v2/shops/automotive_,Automotive,Automotive Shops,Automotive Shop,4bf58dd8d48988d124951735,Montreal,QC,true,H8S 2K9,,,,,,,,,,,
v-1461943867,0,5,7,false,Canada,CA,52128,-73.57396241982372,45.50087293605081,Uniglobe Voyage Lexus,4c9280ca332c3704c2c58864,true,.png,https://ss3.4sqi.net/img/categories_v2/travel/default_,Travel,General Travel,General Travel,4bf58dd8d48988d1f6931735,Montréal,QC,true,,,,,,,,,,,,
v-1461943867,,6,8,true,Canada,CA,57419,-73.66837175908611,45.55361087493876,Spinelli Lexus Lachine,4d059a6ceb582c0f0f227553,true,.png,https://ss3.4sqi.net/img/categories_v2/shops/automotive_,Auto Dealer,Auto Dealerships,Auto Dealership,4eb1c1623b7b52c0e1adc2ec,Lachine,,,,,,,,,,,,,,
v-1461943867,7,173,1157,true,Canada,CA,44346,-80.42846202850342,43.426899746672966,Heffner Toyota Lexus,4b92c14bf964a520b41834e3,true,.png,https://ss3.4sqi.net/img/categories_v2/shops/automotive_,Auto Dealer,Auto Dealerships,Auto Dealership,4eb1c1623b7b52c0e1adc2ec,Kitchener,ON,true,N2A 1B1,http://www.heffner.ca,,,34852477,,,,,,,
v-1461943867,1,22,670,false,Canada,CA,46507,-80.37016306269201,43.41651810859746,TMMC Lexus Plant,519be85a498e5dbd9cfdb03d,true,.png,https://ss3.4sqi.net/img/categories_v2/building/factory_,Factory,Factories,Factory,4eb1bea83b7b6f98df247e06,Cambridge,ON,true,L5L,,,,,,,,,,,
v-1461943867,2,24,160,false,Canada,CA,45285,-81.263213,42.936363,Lexus Of London,4be5d4462457a5930214ac15,true,.png,https://ss3.4sqi.net/img/categories_v2/shops/automotive_,Automotive,Automotive Shops,Automotive Shop,4bf58dd8d48988d124951735,London,ON,true,,,,,,,,,,,,
v-1461943867,2,5,22,false,Canada,CA,45026,-80.427934,43.434269,Toyota Lexus,4e0a2bb4d4c03ae0b9dcc65a,true,.png,https://ss3.4sqi.net/img/categories_v2/shops/automotive_,Auto Dealer,Auto Dealerships,Auto Dealership,4eb1c1623b7b52c0e1adc2ec,Kitchener,ON,true,,,,,,,,,,,,
v-1461943867,,42,161,false,Canada,CA,89576,-79.73426132258498,43.40918875494086,Lexus of Oakville,4ba8f07ef964a520fafb39e3,true,.png,https://ss3.4sqi.net/img/categories_v2/arts_entertainment/default_,Entertainment,General Entertainment,General Entertainment,4bf58dd8d48988d1f1931735,Oakville,ON,true,,,,,,,,,,,,
v-1461943867,,8,9,false,Canada,CA,97033,-79.73357667541175,43.55995476306546,Lexus Booth Auto Show,4d5d9ee3241a721e56dfe32e,true,.png,https://ss3.4sqi.net/img/categories_v2/shops/automotive_,Auto Dealer,Auto Dealerships,Auto Dealership,4eb1c1623b7b52c0e1adc2ec,Oakville,ON,,,,,,,,,,,,,
v-1461943867,,2,2,false,Canada,CA,94441,-79.69146901804496,43.44855885689155,Oakville Lexus,4c96ad5772dd224b7596ae91,true,.png,https://ss3.4sqi.net/img/categories_v2/shops/automotive_,Automotive,Automotive Shops,Automotive Shop,4bf58dd8d48988d124951735,Mississauga,ON,,,,,,,,,,,,,
v-1461943867,,81,220,false,Canada,CA,99560,-79.675861,43.531689,Erin Park Lexus,4be85e4dc5220f4764a7a9ca,,,,,,,,,,,,,,,,,,,,,,
v-1461943867,7,105,575,false,Canada,CA,63518,-123.07818881484471,49.17404782425434,OpenRoad Lexus Richmond,4df0eb5fd22d43368719a13e,true,.png,https://ss3.4sqi.net/img/categories_v2/shops/automotive_,Auto Dealer,Auto Dealerships,Auto Dealership,4eb1c1623b7b52c0e1adc2ec,Richmond,BC,true,V6V 2M6,http://www.jpautogroup.com,Richmond Auto Mall,,,5569ef26a7c8896abe7bde57,,,,,,
v-1461943867,1,14,28,true,Canada,CA,64627,-123.098065,49.316088,Jim Pattison Lexus Northshore,4d13a77ce3b5224b93669143,true,.png,https://ss3.4sqi.net/img/categories_v2/shops/automotive_,Auto Dealer,Auto Dealerships,Auto Dealership,4eb1c1623b7b52c0e1adc2ec,North Vancouver,BC,true,V7P 3R8,http://www.regencyauto.com,West 6th,,,556f3b89bd6a8104863bd8d3,,,,,,
v-1461943867,0,18,23,false,Canada,CA,64621,-123.098065,49.315916,Lexus,4bdc98f92a3a0f476993b3b6,true,.png,https://ss3.4sqi.net/img/categories_v2/shops/automotive_,Automotive,Automotive Shops,Automotive Shop,4bf58dd8d48988d124951735,North Vancouver,BC,true,V6J 5A5,http://www.regencyauto.com,Thorton,,,556f3b89bd6a8104863bd8d3,,,,,,
v-1461943867,,87,487,true,Canada,CA,59920,-123.14546227455138,49.26608231730073,Regency Lexus,4cf55dc86195721e231657c1,true,.png,https://ss3.4sqi.net/img/categories_v2/shops/automotive_,Automotive,Automotive Shops,Automotive Shop,4bf58dd8d48988d124951735,Vancouver,BC,true,V6A 2K9,http://www.jpautogroup.com,Burnside,,,5569ef26a7c8896abe7bde57,,,,,,
v-1461943867,,12,24,false,Canada,CA,59052,-123.139615,49.174344,Richmond Lexus,4bd8e5c70115c9b6e6d47580,true,.png,https://ss3.4sqi.net/img/categories_v2/building/default_,Building,Buildings,Building,4bf58dd8d48988d130941735,Richmond,BC,true,V8T 4N4,,Finlayson Street,,,,,,,,,
v-1461943867,,42,287,true,Canada,CA,63940,-123.09084045255152,49.27209662824801,Regency Lexus,4d430b19946af04db7190a77,true,.png,https://ss3.4sqi.net/img/categories_v2/shops/automotive_,Automotive,Automotive Shops,Automotive Shop,4bf58dd8d48988d124951735,Vancouver,BC,true,,,,,,,,,,,,
v-1461943867,,44,128,false,Canada,CA,82130,-122.83736704588262,49.276812073642574,OpenRoad Lexus Port Moody,4cf94770c671721e0949b618,true,.png,https://ss3.4sqi.net/img/categories_v2/shops/automotive_,Automotive,Automotive Shops,Automotive Shop,4bf58dd8d48988d124951735,Port Moody,BC,true,,,,,,,,,,,,
v-1461943867,,3,5,false,Canada,CA,89242,-123.37258641907684,48.44428793946441,Jim Pattinson Lexus Toyota,54e8c0bb498ea96fc76a2b92,true,.png,https://ss3.4sqi.net/img/categories_v2/shops/automotive_,Auto Dealer,Auto Dealerships,Auto Dealership,4eb1c1623b7b52c0e1adc2ec,Victoria,BC,true,,,,,,,,,,,,
v-1461943867,,81,160,true,Canada,CA,89258,-123.37133646011353,48.44456117711006,Jim Pattison Toyota Victoria,4b92f585f964a520802a34e3,true,.png,https://ss3.4sqi.net/img/categories_v2/shops/automotive_,Auto Dealer,Auto Dealerships,Auto Dealership,4eb1c1623b7b52c0e1adc2ec,Victoria,BC,,,,,,,,,,,,,
v-1461943867,1,60,555,true,Canada,CA,28963,-114.0325888999006,50.98611746877949,Lexus Of Calgary,4c462a36f1d80f47bf26a33c,true,.png,https://ss3.4sqi.net/img/categories_v2/shops/automotive_,Automotive,Automotive Shops,Automotive Shop,4bf58dd8d48988d124951735,Calgary,AB,true,T2H 3C1,http://www.lexusofroyaloak.com,,,79331678,,,,,,,
v-1461943867,0,4,7,false,Canada,CA,28861,-114.03051137924194,50.985423538676756,Lexus of Calgary,53a4047e498e0ff4e30e6361,true,.png,https://ss3.4sqi.net/img/categories_v2/shops/automotive_,Automotive,Automotive Shops,Automotive Shop,4bf58dd8d48988d124951735,Calgary,AB,true,T2H 3C1,,,,135747097,,,,,,,
v-1461943867,,,,true,Canada,CA,49895,-114.19245540470189,51.153610816355936,Lexus of Royal Oak,52fd65d8498ef2bcd8a13df4,true,.png,https://ss3.4sqi.net/img/categories_v2/shops/automotive_,Automotive,Automotive Shops,Automotive Shop,4bf58dd8d48988d124951735,Calgary,AB,true,T3R 1R8,,,,,,,,,,,
,,,,,,,,,,,,,,,,,,,,,,,,,,,,,,,,,
v-1461943867,1,4,12,false,Canada,CA,37010,-79.71025228500366,44.32955831484278,Lexus of Barrie,4f16fd01d5fb04999ed0c939,true,.png,https://ss3.4sqi.net/img/categories_v2/shops/automotive_,Auto Dealer,Auto Dealerships,Auto Dealership,4eb1c1623b7b52c0e1adc2ec,Barrie,ON,true,L4N 9E8,http://www.lexusrh.com,at Gamble Rd.,,42815897,568c4f8e498ec8e3dff565dd,,,,,,
v-1461943867,2,71,196,true,Canada,CA,78105,-79.44703102111816,43.908421011962936,Lexus of Richmond Hill,4bbcc139a8cf76b096e6b0fd,true,.png,https://ss3.4sqi.net/img/categories_v2/shops/automotive_,Auto Dealer,Auto Dealerships,Auto Dealership,4eb1c1623b7b52c0e1adc2ec,Richmond Hill,ON,true,L4E 3N7,http://www.lexusonthepark.ca,at Eglinton Ave. E,,75162923,,,,,,,
v-1461943867,6,128,244,false,Canada,CA,99629,-79.3491326362128,43.71855197142065,Lexus On The Park,4b994644f964a5206a6f35e3,true,.png,https://ss3.4sqi.net/img/categories_v2/shops/automotive_,Auto Dealer,Auto Dealerships,Auto Dealership,4eb1c1623b7b52c0e1adc2ec,Toronto,ON,true,M3C 2J7,http://www.dvnlexus.com,btwn Woodbine& Victoria Park Ave.,,92127826,,,,,,,
v-1461943867,2,182,1165,false,Canada,CA,88954,-79.34577735130179,43.81511130003153,Don Valley North Lexus,4bd1be6f9854d13ab312fa4d,true,.png,https://ss3.4sqi.net/img/categories_v2/shops/automotive_,Auto Dealer,Auto Dealerships,Auto Dealership,4eb1c1623b7b52c0e1adc2ec,Markham,ON,true,L3R 1G9,http://www.northwestlexus.com,Runnymede Rd,,91440561,,,,,,,
v-1461943867,1,34,109,false,Canada,CA,93731,-79.24154390237265,43.782683479227025,Lexus Canada,4c488b801ddec92897eea032,true,.png,https://ss3.4sqi.net/img/categories_v2/building/default_,Office,Offices,Office,4bf58dd8d48988d124941735,Toronto,ON,true,L6S 5X6,http://www.kenshawlexus.com,at Runnymede Rd.,,,,,,,,,
v-1461943867,,58,120,false,Canada,CA,105910,-79.35701982865113,43.66146083090424,Lexus Downtown,4f073822e4b0aa2dc50f8015,true,.png,https://ss3.4sqi.net/img/categories_v2/shops/automotive_,Auto Dealer,Auto Dealerships,Auto Dealership,4eb1c1623b7b52c0e1adc2ec,Toronto,ON,true,M6N 1K8,http://www.kenshaw.com,,,,,,,,,,
v-1461943867,,46,112,true,Canada,CA,99213,-79.705186,43.736267,Northwest Lexus,4bf6e0edb182c9b62aad745a,true,.png,https://ss3.4sqi.net/img/categories_v2/shops/automotive_,Auto Dealer,Auto Dealerships,Auto Dealership,4eb1c1623b7b52c0e1adc2ec,Brampton,ON,true,M6N 1K8,,,,,,,,,,,
v-1461943867,,2,2,true,Canada,CA,104639,-79.47899311015776,43.67009970401227,Ken Shaw Lexus,53e38acd498e23caea68cb8b,true,.png,https://ss3.4sqi.net/img/categories_v2/shops/automotive_,Auto Dealer,Auto Dealerships,Auto Dealership,4eb1c1623b7b52c0e1adc2ec,Toronto,ON,true,,,,,,,,,,,,
v-1461943867,,63,114,true,Canada,CA,104658,-79.479292,43.669932,Ken Shaw Toyota Scion,4afb522bf964a520ec1c22e3,true,.png,https://ss3.4sqi.net/img/categories_v2/shops/automotive_,Auto Dealer,Auto Dealerships,Auto Dealership,4eb1c1623b7b52c0e1adc2ec,Toronto,ON,,,,,,,,,,,,,
,,,,,,,,,,,,,,,,,,,,,,,,,,,,,,,,,
,,,,,,,,,,,,,,,,,,,,,,,,,,,,,,,,,